"Date","EUR 2yr x 5yr 6 Months Put ATMF BP Vol","EUR 2yr x 10yr 6 Months Put ATMF BP Vol","EUR 2yr x 30yr 6 Months Put ATMF BP Vol","EUR 5yr x 10yr 6 Months Put ATMF BP Vol","EUR 5yr x 30yr 6 Months Put ATMF BP Vol","EUR 10yr x 30yr 6 Months Put ATMF BP Vol"
10-Jan-18,1.41224,1.87339,2.23892,0.81174,1.6804,1.09176
11-Jan-18,1.48876,1.94196,2.26828,0.83169,1.70691,1.10976
12-Jan-18,1.4764,1.9536,2.25876,0.84081,1.69999,1.10496
16-Jan-18,1.44654,1.92593,2.22356,0.83174,1.6745,1.08853
17-Jan-18,1.45102,1.89546,2.21447,0.92855,1.66649,1.08361
18-Jan-18,1.48651,1.94041,2.26495,0.94958,1.69901,1.10361
19-Jan-18,1.48525,1.93816,2.26741,0.94926,1.7698,1.13199
22-Jan-18,1.34323,1.89116,2.23934,0.81242,1.65806,1.07708
23-Jan-18,1.37235,1.85379,2.24023,0.94495,1.74856,1.06598
24-Jan-18,1.35412,1.90342,2.25508,0.81702,1.66959,1.0845
25-Jan-18,1.39804,1.92388,2.25813,0.81958,1.68366,1.09324
26-Jan-18,1.33935,1.88458,2.27193,0.84557,1.70357,1.10774
29-Jan-18,1.4704,2.03921,2.43895,0.9591,1.8291,1.24396
30-Jan-18,1.44306,2.00503,2.42755,0.9417,1.8701,1.36511
31-Jan-18,1.42979,1.96953,2.41681,0.92268,1.81407,1.28664
01-Feb-18,1.41272,1.97176,2.40499,0.92641,1.80105,1.28038
02-Feb-18,1.57227,2.09698,2.53993,1.02722,1.95642,1.40874
05-Feb-18,1.52275,2.09233,2.50866,1.03569,1.92898,1.3975
06-Feb-18,1.60357,2.10194,2.54445,1.03495,1.9587,1.41181
07-Feb-18,1.59504,2.07289,2.52863,1.03738,1.99781,1.4384
08-Feb-18,1.61139,2.12112,2.55778,1.06596,2.01809,1.45547
09-Feb-18,1.60942,2.13108,2.56851,1.07415,2.02574,1.45926
12-Feb-18,1.70071,2.26178,2.6034,1.17986,2.05447,1.48416
13-Feb-18,1.64537,2.18482,2.61867,1.13894,2.01388,1.42909
14-Feb-18,1.60922,2.11875,2.53024,1.16041,2.04985,1.47593
15-Feb-18,1.60097,2.10205,2.46559,1.15749,1.99919,1.43971
16-Feb-18,1.58997,2.0667,2.43657,1.13106,2.00165,1.43537
20-Feb-18,1.57919,2.07944,2.43969,1.14453,2.00214,1.42199
21-Feb-18,1.53916,2.02547,2.40033,1.11336,1.99355,1.41628
22-Feb-18,1.65741,2.02313,2.37635,1.07423,2.04345,1.42007
23-Feb-18,1.64082,2.00558,2.36983,1.0631,2.04026,1.40923
26-Feb-18,1.58993,1.96156,2.31762,1.04288,1.98935,1.37576
27-Feb-18,1.55883,2.02701,2.29357,1.05003,1.84058,1.32376
28-Feb-18,1.54736,2.01716,2.2921,1.04801,1.83666,1.32004
01-Mar-18,1.49909,1.9727,2.28156,1.02506,1.82624,1.29638
02-Mar-18,1.46874,1.94038,2.2519,1.0132,1.80278,1.28005
05-Mar-18,1.45152,1.91554,2.23233,1.00195,1.78749,1.26785
06-Mar-18,1.45449,1.91597,2.21857,0.99731,1.77607,1.26115
07-Mar-18,1.44811,1.90859,2.20686,1.01203,1.76642,1.25492
08-Mar-18,1.42128,1.85143,2.16287,0.97401,1.7325,1.22754
09-Mar-18,1.34351,1.80736,2.13519,0.93741,1.70619,1.21142
12-Mar-18,1.40742,1.88703,2.17959,0.97853,1.78733,1.26878
13-Mar-18,1.39376,1.86601,2.15255,0.96733,1.76621,1.25431
14-Mar-18,1.39608,1.87683,2.17564,0.97429,1.78144,1.26385
15-Mar-18,1.39228,1.86864,2.16325,0.9707,1.77411,1.24121
16-Mar-18,1.35023,1.80072,2.09926,0.93655,1.72462,1.22587
19-Mar-18,1.35884,1.81179,2.12057,0.94157,1.76059,1.23219
20-Mar-18,1.39405,1.83545,2.12365,0.95323,1.76282,1.23391
21-Mar-18,1.40786,1.8536,2.12018,0.96302,1.78081,1.22923
22-Mar-18,1.40835,1.85332,2.13292,0.9628,1.81303,1.26918
23-Mar-18,1.41067,1.85586,2.13642,0.96453,1.81673,1.2715
26-Mar-18,1.39918,1.84069,2.13036,0.95647,1.81137,1.26785
27-Mar-18,1.443,1.87613,2.1264,0.97532,1.7858,1.25041
28-Mar-18,1.46399,1.88001,2.12777,0.97813,1.82985,1.2821
29-Mar-18,1.48008,1.87509,2.12442,0.97477,1.83767,1.28622
02-Apr-18,N/A,N/A,N/A,N/A,N/A,N/A
03-Apr-18,1.4886,1.87772,2.12402,0.97053,1.83759,1.28403
04-Apr-18,1.46144,1.85791,2.10884,0.96813,1.79074,1.25424
05-Apr-18,1.48358,1.87751,2.12759,0.97569,1.80892,1.26579
06-Apr-18,1.47005,1.86664,2.11088,0.97182,1.8161,1.2728
09-Apr-18,1.46611,1.85721,2.1016,0.96417,1.80735,1.26508
10-Apr-18,1.49326,1.8755,2.13769,0.97448,1.84217,1.28513
11-Apr-18,1.48128,1.87018,2.11978,0.97097,1.82376,1.2759
12-Apr-18,1.45774,1.82295,2.06429,0.94716,1.75447,1.17551
13-Apr-18,1.45565,1.8159,2.05427,0.94287,1.74721,1.17055
16-Apr-18,1.45569,1.81908,2.06066,0.94528,1.76271,1.18054
17-Apr-18,1.43266,1.80228,2.04232,0.9396,1.74491,1.17046
18-Apr-18,1.38678,1.83172,2.04843,0.95262,1.7509,1.15719
19-Apr-18,1.42522,1.86839,2.08461,0.96847,1.78409,1.17803
20-Apr-18,1.4096,1.85673,2.06726,0.96225,1.7654,1.16765
23-Apr-18,1.39303,1.83143,2.04714,0.95144,1.75237,1.15692
24-Apr-18,1.39009,1.8278,2.04649,0.94961,1.73059,1.1245
25-Apr-18,1.38729,1.82368,2.05009,0.94816,1.73218,1.12443
26-Apr-18,1.37732,1.81046,2.02357,0.94007,1.71168,1.11274
27-Apr-18,1.35945,1.7853,1.99832,0.92655,1.68933,1.0975
30-Apr-18,1.32293,1.72795,1.94455,0.88016,1.65619,1.0898
01-May-18,N/A,N/A,N/A,N/A,N/A,N/A
02-May-18,1.30626,1.72038,1.93011,0.87701,1.64056,1.06536
03-May-18,1.31837,1.72818,1.94033,0.87709,1.64723,1.06767
04-May-18,1.28836,1.6855,1.89594,0.8571,1.61267,1.04461
07-May-18,N/A,N/A,N/A,N/A,N/A,N/A
08-May-18,1.27881,1.65773,1.87813,0.84425,1.59684,1.03701
09-May-18,1.29191,1.68273,1.87161,0.85893,1.55226,1.00762
10-May-18,1.31939,1.69394,1.88499,0.8639,1.57082,1.03283
11-May-18,1.31575,1.68816,1.87615,0.86148,1.56517,1.02946
14-May-18,1.32826,1.72102,1.9205,0.87713,1.61427,1.06367
15-May-18,1.41941,1.80373,2.01383,0.91399,1.69913,1.11451
16-May-18,1.40555,1.85039,2.06648,0.94358,1.73493,1.12672
17-May-18,1.40919,1.866,2.08337,0.95369,1.74664,1.13611
18-May-18,1.41162,1.85943,2.07952,0.94908,1.7465,1.1332
21-May-18,1.43257,1.88479,2.10062,0.96115,1.75459,1.13955
22-May-18,1.44139,1.87831,2.0926,0.95633,1.75285,1.13636
23-May-18,1.40526,1.8719,2.09119,0.934,1.75767,1.12447
24-May-18,1.39583,1.88589,2.10591,0.94121,1.77013,1.1326
25-May-18,1.45288,1.97138,2.20737,0.98741,1.85491,1.18724
29-May-18,1.57042,2.10058,2.36121,1.05073,1.99049,1.26876
30-May-18,1.57617,2.09695,2.37307,1.04774,2.00884,1.294
31-May-18,1.53603,2.04292,2.32648,1.0261,1.97192,1.26807
01-Jun-18,1.49178,1.97823,2.22637,0.98404,1.82808,1.13279
04-Jun-18,1.48594,1.94872,2.20792,0.97416,1.81279,1.12225
05-Jun-18,1.49226,1.93694,2.19647,0.96644,1.80745,1.11551
06-Jun-18,1.5592,2.0409,2.30573,1.01754,1.84796,1.14415
07-Jun-18,1.55901,2.05063,2.30003,1.0267,1.87299,1.16432
08-Jun-18,1.54257,2.05642,2.32641,1.04834,1.87368,1.14232
11-Jun-18,1.5491,2.06548,2.32496,1.0531,1.87272,1.1229
12-Jun-18,1.5071,2.01695,2.29373,1.03132,1.8452,1.10556
13-Jun-18,1.48032,1.96161,2.20024,1.07901,1.76465,1.05598
14-Jun-18,1.4225,1.87274,2.09652,1.04712,1.67545,0.97119
15-Jun-18,1.37238,1.82143,2.03813,1.01904,1.68009,0.99157
18-Jun-18,1.30554,1.71705,1.94277,0.94406,1.61412,0.9678
19-Jun-18,1.3055,1.71743,1.94174,0.94437,1.6134,0.98396
20-Jun-18,1.29156,1.69179,1.91266,0.94413,1.55402,0.96207
21-Jun-18,1.28047,1.71234,1.92518,0.94398,1.56084,0.96691
22-Jun-18,1.28422,1.70928,1.91357,0.93747,1.55377,0.96283
25-Jun-18,1.28101,1.70924,1.91256,0.93747,1.55061,0.96165
26-Jun-18,1.31648,1.75559,1.96342,0.9626,1.61047,0.99852
27-Jun-18,1.41252,1.8845,2.02173,1.03546,1.6581,1.02803
28-Jun-18,1.43936,1.91478,2.05265,1.0514,1.68485,1.04382
29-Jun-18,1.43627,1.91448,2.00851,1.0526,1.62925,1.01043
02-Jul-18,1.41631,1.88412,2.01696,1.03753,1.62538,0.99805
03-Jul-18,1.42855,1.90377,1.99684,1.04386,1.6362,1.01425
05-Jul-18,1.42025,1.90411,2.00111,1.04672,1.65971,1.02972
06-Jul-18,1.39679,1.8859,1.97948,1.03763,1.63932,1.01943
09-Jul-18,1.46035,1.94146,2.04181,1.06734,1.73748,1.07584
10-Jul-18,1.44679,1.93644,2.04042,1.06622,1.73325,1.07432
11-Jul-18,1.40721,1.88401,1.98018,1.03642,1.66252,1.04827
12-Jul-18,1.40104,1.87632,1.9764,1.03279,1.65849,1.0448
13-Jul-18,1.38668,1.84236,1.96399,1.01289,1.67015,1.06608
16-Jul-18,1.35525,1.80373,1.91763,0.99322,1.62251,1.05334
17-Jul-18,1.3323,1.78227,1.89388,0.90939,1.60203,1.04109
18-Jul-18,1.35549,1.81904,1.91665,0.92659,1.62421,1.05522
19-Jul-18,1.35808,1.80958,1.91179,0.92178,1.6238,1.05209
20-Jul-18,1.35312,1.81539,1.91466,0.92658,1.62444,1.05546
23-Jul-18,1.36528,1.82414,1.92225,0.92892,1.63148,1.05899
24-Jul-18,1.36273,1.8168,1.93185,0.96285,1.64165,1.04981
25-Jul-18,1.37665,1.81307,1.92914,0.96069,1.63739,1.02725
26-Jul-18,1.3582,1.78356,1.90259,0.94654,1.61719,1.01286
27-Jul-18,1.37405,1.82867,1.9517,0.96875,1.64843,1.0523
30-Jul-18,1.3829,1.83814,1.95818,0.97237,1.65343,1.05576
31-Jul-18,1.36224,1.81018,1.92891,0.94341,1.63418,1.0423
01-Aug-18,1.35077,1.80661,1.93753,0.94027,1.6371,1.04761
02-Aug-18,1.38262,1.84407,1.97937,0.95905,1.67361,1.07078
03-Aug-18,1.37457,1.83196,1.96284,0.95068,1.65898,1.06154
06-Aug-18,1.34857,1.80324,1.93448,0.92076,1.63487,1.04651
07-Aug-18,1.3438,1.79256,1.92334,0.91478,1.61668,1.06691
08-Aug-18,1.35312,1.80444,1.93183,0.92082,1.62453,1.07302
09-Aug-18,1.36317,1.81832,1.95832,0.92736,1.64396,1.08337
10-Aug-18,1.37965,1.85898,1.99412,0.95014,1.63228,1.08015
13-Aug-18,1.37948,1.84851,1.97778,0.94221,1.62089,1.07175
14-Aug-18,1.39438,1.85856,1.99612,0.89173,1.63831,1.08031
15-Aug-18,1.40923,1.87843,1.99719,0.90144,1.63871,1.08057
16-Aug-18,1.39308,1.85714,1.97366,0.89121,1.61916,1.06792
17-Aug-18,1.40212,1.86844,1.96862,0.87758,1.61991,1.0721
20-Aug-18,1.37322,1.83011,1.98618,0.95163,1.66944,1.0845
21-Aug-18,1.3923,1.85551,1.9913,0.96469,1.69286,1.0995
22-Aug-18,1.39885,1.86956,2.00451,0.97225,1.70319,1.10743
23-Aug-18,1.34512,1.79836,1.92462,0.93447,1.63585,1.04838
24-Aug-18,1.3604,1.81242,1.92605,0.94209,1.63846,1.0478
27-Aug-18,N/A,N/A,N/A,N/A,N/A,N/A
28-Aug-18,1.36779,1.82404,1.94165,0.94887,1.65027,1.05467
29-Aug-18,1.37507,1.82841,1.95208,0.9524,1.66104,1.05979
30-Aug-18,1.38163,1.83335,1.9607,0.95734,1.6714,1.06611
31-Aug-18,1.39516,1.88351,1.98317,0.8851,1.68619,1.09478
04-Sep-18,1.39588,1.8806,1.98148,0.84601,1.68593,1.09371
05-Sep-18,1.37453,1.85602,1.92905,0.83532,1.64959,1.07693
06-Sep-18,1.3377,1.8384,1.91803,0.8273,1.61028,1.0304
07-Sep-18,1.36363,1.86846,1.94195,0.84092,1.6332,1.02937
10-Sep-18,1.29742,1.78573,1.91525,0.87537,1.60743,1.02212
11-Sep-18,1.29999,1.79085,1.91932,0.87852,1.61164,1.02563
12-Sep-18,1.20126,1.71224,1.89941,0.85624,1.59784,1.00503
13-Sep-18,1.21349,1.7158,1.86465,0.84701,1.56724,0.99118
14-Sep-18,1.20147,1.71332,1.84653,0.85052,1.55945,0.99419
17-Sep-18,1.1541,1.64198,1.81101,0.83544,1.52434,0.96066
18-Sep-18,1.13659,1.63883,1.81763,0.8394,1.52713,0.96449
19-Sep-18,1.21593,1.66536,1.84351,0.84894,1.55021,0.97639
20-Sep-18,1.26728,1.66011,1.84333,0.82852,1.55086,0.97349
21-Sep-18,1.25221,1.64752,1.82543,0.82335,1.53459,0.96579
24-Sep-18,1.3054,1.70614,1.84885,0.8517,1.56048,0.9652
25-Sep-18,1.31851,1.72666,1.87038,0.8636,1.58753,0.9778
26-Sep-18,1.31902,1.75508,1.88312,0.84292,1.58585,0.98184
27-Sep-18,1.29954,1.73572,1.85794,0.83299,1.56938,0.974
28-Sep-18,1.29772,1.75791,1.89397,0.84432,1.65495,1.04678
01-Oct-18,1.31568,1.76026,1.8902,0.84477,1.66094,1.04711
02-Oct-18,1.29314,1.68946,1.86728,0.84485,1.57667,0.99125
03-Oct-18,1.28427,1.67252,1.83219,0.8359,1.54007,0.97093
04-Oct-18,1.28276,1.67771,1.83939,0.84346,1.55056,0.99689
05-Oct-18,1.25835,1.65595,1.8243,0.83574,1.53446,0.98762
09-Oct-18,1.35357,1.78616,1.89017,0.89221,1.5711,1.00827
10-Oct-18,1.33948,1.78529,1.89935,0.89517,1.57342,1.01178
11-Oct-18,1.3523,1.78437,1.89368,0.8915,1.57052,1.00613
12-Oct-18,1.35211,1.77865,1.89495,0.88922,1.57047,1.00239
15-Oct-18,1.33379,1.76981,1.88925,0.88592,1.5586,0.99771
16-Oct-18,1.32209,1.76188,1.85662,0.88279,1.54198,0.99925
17-Oct-18,1.35183,1.77861,1.88841,0.88879,1.56876,1.0043
18-Oct-18,1.3466,1.79463,1.90675,0.91475,1.58325,1.0125
19-Oct-18,1.36756,1.82527,1.94723,0.9335,1.6182,1.03403
22-Oct-18,1.37159,1.81963,1.94541,0.93309,1.62449,1.03482
23-Oct-18,1.40308,1.87034,1.97975,0.95041,1.64134,1.05063
24-Oct-18,1.41111,1.87296,1.98126,0.95165,1.64496,1.05179
25-Oct-18,1.36565,1.82011,1.9335,0.928,1.60574,1.02674
26-Oct-18,1.39152,1.85198,1.96586,0.94198,1.63135,1.04171
29-Oct-18,1.4082,1.87367,1.98279,0.95109,1.64382,1.05139
30-Oct-18,1.4776,1.8709,1.97693,0.97239,1.642,1.01771
31-Oct-18,1.49243,1.88929,1.99695,0.98206,1.65872,1.01105
01-Nov-18,1.51219,1.90161,2.00065,0.9865,1.66711,1.0153
02-Nov-18,1.49157,1.88591,1.9916,0.98135,1.65443,1.00916
05-Nov-18,1.48006,1.86812,1.97786,0.9525,1.64333,0.99908
06-Nov-18,1.42764,1.84898,1.97619,0.9438,1.63448,1.03356
07-Nov-18,1.44175,1.82469,1.94922,0.93042,1.61852,1.01873
08-Nov-18,1.3853,1.79734,1.92206,0.91669,1.59525,1.00407
09-Nov-18,1.36196,1.76889,1.89754,0.90317,1.57433,0.98865
13-Nov-18,1.35155,1.77157,1.89588,0.90318,1.46175,0.94597
14-Nov-18,1.34225,1.77707,1.89584,0.85279,1.40034,0.91253
15-Nov-18,1.37527,1.81278,1.93484,0.87005,1.43066,0.93045
16-Nov-18,1.36065,1.78916,1.93116,0.85837,1.4305,0.92843
19-Nov-18,1.35295,1.78068,1.91969,0.85417,1.42319,0.92461
20-Nov-18,1.36232,1.78422,1.92578,0.85584,1.42943,0.96831
21-Nov-18,1.34282,1.76177,1.90585,0.84715,1.4137,0.95835
23-Nov-18,1.34669,1.77032,1.90939,0.84891,1.4332,0.92999
26-Nov-18,1.34981,1.77544,1.91483,0.85173,1.43812,0.93381
27-Nov-18,1.35884,1.78744,1.92964,0.85779,1.44756,0.94
28-Nov-18,1.34833,1.76547,1.91341,0.84675,1.43359,0.92583
29-Nov-18,1.34179,1.75492,1.89475,0.84205,1.42328,0.92174
30-Nov-18,1.33382,1.75315,1.89312,0.84118,1.4203,0.9219
03-Dec-18,1.32779,1.74608,1.88492,0.83779,1.41444,0.93248
04-Dec-18,1.33468,1.73512,1.87354,0.83277,1.41338,0.92703
06-Dec-18,1.37112,1.7938,1.95721,0.86083,1.46235,0.95638
07-Dec-18,1.4034,1.84261,1.99858,0.88345,1.49892,0.98816
10-Dec-18,1.41991,1.86845,2.04417,0.89271,1.521,0.99926
11-Dec-18,1.43409,1.89113,2.05352,0.90595,1.53567,1.01366
12-Dec-18,1.43979,1.9184,2.08233,0.92085,1.56162,1.02988
13-Dec-18,1.42011,1.89255,2.05399,0.90829,1.54074,1.01598
14-Dec-18,1.37109,1.8284,1.98815,0.87872,1.49156,0.99776
17-Dec-18,1.34235,1.78877,1.9414,0.8585,1.45632,0.97484
18-Dec-18,1.36098,1.81558,1.94539,0.86742,1.46176,0.98465
19-Dec-18,1.34509,1.7992,1.95351,0.86371,1.46311,0.98061
20-Dec-18,1.36191,1.83333,1.99161,0.87827,1.48294,0.99549
21-Dec-18,1.35529,1.8375,2.00164,0.88072,1.48375,0.99749
24-Dec-18,N/A,N/A,N/A,N/A,N/A,N/A
26-Dec-18,N/A,N/A,N/A,N/A,N/A,N/A
27-Dec-18,1.32726,1.81111,2.01749,0.87121,1.48448,0.99074
28-Dec-18,1.33949,1.83641,2.03046,0.88068,1.49067,0.99923
31-Dec-18,N/A,N/A,N/A,N/A,N/A,N/A
02-Jan-19,1.40919,1.88402,2.04199,0.90325,1.53006,1.02543
03-Jan-19,1.40644,1.87598,2.03398,0.90057,1.52455,1.02118
04-Jan-19,1.42764,1.89939,2.06495,0.9119,1.5495,1.03648
07-Jan-19,1.42803,1.90373,2.06716,0.91353,1.55076,1.03785
08-Jan-19,1.43516,1.91302,2.07686,0.9184,1.55793,1.04353
09-Jan-19,1.38833,1.84681,2.00925,0.88738,1.50794,1.00874
10-Jan-19,1.37662,1.82249,1.96802,0.89339,1.4821,0.9926
11-Jan-19,1.33897,1.76685,1.90525,0.86646,1.43866,0.96314
14-Jan-19,1.33264,1.77722,1.92979,0.87068,1.44902,0.96975
15-Jan-19,1.30198,1.75591,1.88731,0.86169,1.41627,0.95596
16-Jan-19,1.29646,1.77058,1.8883,0.86886,1.41368,0.96091
17-Jan-19,1.2944,1.72398,1.87066,0.84451,1.40381,0.93966
18-Jan-19,1.2886,1.71748,1.86514,0.84151,1.40003,0.9368
22-Jan-19,1.31414,1.74608,1.86816,0.85521,1.40576,0.94202
23-Jan-19,1.31197,1.74563,1.87589,0.85524,1.40856,0.94216
24-Jan-19,1.28017,1.71931,1.83242,0.84143,1.37293,0.92478
25-Jan-19,1.31385,1.75118,1.88216,0.85815,1.41156,0.94499
28-Jan-19,1.30247,1.73602,1.86702,0.85072,1.40059,0.93743
29-Jan-19,1.29801,1.7212,1.85041,0.8429,1.39013,0.92906
30-Jan-19,1.3006,1.72798,1.83925,0.81138,1.37721,0.90524
31-Jan-19,1.29334,1.71798,1.83522,0.77109,1.43041,0.9429
01-Feb-19,1.32595,1.77385,1.90215,0.80079,1.48383,0.97882
04-Feb-19,1.3195,1.76196,1.86923,0.79491,1.46437,0.96904
05-Feb-19,1.31255,1.75299,1.8701,0.78891,1.45833,0.96317
06-Feb-19,1.32569,1.76732,1.89058,0.79603,1.47495,0.97299
07-Feb-19,1.29311,1.78893,1.93918,0.82565,1.50916,0.99879
08-Feb-19,1.29593,1.77716,1.92993,0.81604,1.50208,0.9912
11-Feb-19,1.30733,1.79123,1.94667,0.8244,1.51815,1.0016
12-Feb-19,1.3051,1.79573,1.96306,0.82771,1.52737,1.00664
13-Feb-19,1.33441,1.82615,1.98816,0.83934,1.549,1.00561
14-Feb-19,1.31906,1.82008,1.97233,0.83783,1.53534,0.99966
15-Feb-19,1.32788,1.82699,1.98419,0.85968,1.54515,1.00493
19-Feb-19,1.34063,1.83696,1.97936,0.86378,1.5431,1.01771
20-Feb-19,1.34027,1.83181,1.95424,0.84189,1.52534,1.00696
21-Feb-19,1.1945,1.81028,1.92374,0.83215,1.48277,0.96688
22-Feb-19,1.18779,1.80029,1.8962,0.8281,1.46373,0.95729
25-Feb-19,1.19057,1.77895,1.87961,0.81295,1.45467,0.94886
26-Feb-19,1.15354,1.74547,1.86797,0.8012,1.43939,0.96483
27-Feb-19,1.18823,1.79893,1.92503,0.82691,1.48251,0.99427
28-Feb-19,1.21168,1.77058,1.92358,0.8282,1.50138,0.98925
01-Mar-19,1.23658,1.78259,1.95924,0.83309,1.53372,1.00636
04-Mar-19,1.20372,1.73848,1.90318,0.8127,1.48977,0.97911
05-Mar-19,1.175,1.73168,1.88932,0.81484,1.47353,0.97365
06-Mar-19,1.18515,1.7359,1.89841,0.81525,1.48129,0.97677
07-Mar-19,1.15739,1.70234,1.82749,0.79742,1.42291,0.94303
08-Mar-19,1.12569,1.75168,1.88337,0.83739,1.44952,0.96678
11-Mar-19,1.15491,1.69929,1.85939,0.7905,1.46628,0.95666
12-Mar-19,1.1763,1.73806,1.9201,0.81903,1.52983,1.00381
13-Mar-19,1.20207,1.76831,1.93111,0.83078,1.54435,1.01872
14-Mar-19,1.17986,1.77932,1.92929,0.84802,1.53934,1.02002
15-Mar-19,1.22233,1.79408,1.93938,0.84183,1.55029,1.03459
18-Mar-19,1.17094,1.80552,1.91716,0.84969,1.53459,1.01547
19-Mar-19,1.17126,1.79616,1.92626,0.8423,1.54014,1.01579
20-Mar-19,1.16608,1.79912,1.92223,0.84729,1.51795,1.00242
21-Mar-19,1.17442,1.80986,1.95984,0.85032,1.54623,1.03723
22-Mar-19,1.24268,1.91405,2.09531,0.8988,1.65019,1.10076
25-Mar-19,1.26857,1.95542,2.14355,0.93932,1.73397,1.17575
26-Mar-19,1.18868,1.9812,2.15246,0.97064,1.72113,1.13656
27-Mar-19,1.28951,2.18499,2.36344,1.00981,1.92009,1.26511
28-Mar-19,1.23691,2.13393,2.3187,1.04603,1.8541,1.20568
29-Mar-19,1.21241,2.09245,2.27378,1.02661,1.81887,1.21033
01-Apr-19,1.13218,1.95344,2.18854,0.95704,1.75066,1.1381
02-Apr-19,1.11625,1.94966,2.19328,0.95848,1.75692,1.1409
03-Apr-19,1.14208,2.00354,2.24816,0.98221,1.7985,1.18712
04-Apr-19,1.11464,1.84586,2.2286,0.92544,1.78491,1.22883
05-Apr-19,1.12318,1.845,2.22519,0.92106,1.78099,1.22537
08-Apr-19,1.11626,1.8284,2.21503,0.91321,1.77261,1.21893
09-Apr-19,1.13162,1.86843,2.24149,0.93691,1.79336,1.23222
10-Apr-19,1.13473,1.8425,2.19486,0.91737,1.75916,1.19312
11-Apr-19,0.97141,1.73641,2.07773,0.86821,1.66221,1.11379
12-Apr-19,0.96535,1.74633,2.07625,0.87786,1.66148,1.11521
15-Apr-19,0.98167,1.75045,2.08307,0.87478,1.6668,1.12986
16-Apr-19,0.99648,1.77413,2.10827,0.88745,1.68505,1.14234
17-Apr-19,1.06779,1.84912,2.14952,0.88776,1.72118,1.14946
18-Apr-19,1.08307,1.80591,2.13779,0.90197,1.68916,1.10913
22-Apr-19,N/A,N/A,N/A,N/A,N/A,N/A
23-Apr-19,1.04148,1.7605,2.11025,0.87852,1.66807,1.09639
24-Apr-19,1.04698,1.78604,2.13727,0.89696,1.66727,1.09461
25-Apr-19,1.06999,1.81226,2.17196,0.90559,1.69485,1.12741
26-Apr-19,1.054,1.7773,2.12911,0.88609,1.66093,1.10382
29-Apr-19,1.0443,1.77122,2.11861,0.88433,1.65271,1.09072
30-Apr-19,1.05862,1.80434,2.14962,0.90317,1.67605,1.08987
01-May-19,N/A,N/A,N/A,N/A,N/A,N/A
02-May-19,1.07437,1.81778,2.17848,0.90807,1.69894,1.10307
03-May-19,1.06013,1.79683,2.15201,0.89808,1.67852,1.09031
06-May-19,N/A,N/A,N/A,N/A,N/A,N/A
07-May-19,1.06725,1.75178,2.06876,0.89309,1.53089,0.9954
08-May-19,1.08043,1.77269,2.0988,0.90423,1.55329,1.00767
09-May-19,1.10846,1.80042,2.13557,0.91434,1.58199,1.02598
10-May-19,1.10481,1.81278,2.14273,0.92386,1.60621,1.02733
13-May-19,1.10305,1.80868,2.14249,0.92178,1.60655,1.04634
14-May-19,1.08862,1.7847,2.14166,0.90984,1.60579,1.04164
15-May-19,1.13304,1.8507,2.21824,0.9426,1.66374,1.07901
16-May-19,1.09756,1.80101,2.15563,0.91871,1.61604,1.03341
17-May-19,1.0844,1.78303,2.12769,0.91251,1.59302,1.07487
20-May-19,1.08729,1.79158,2.09321,0.91577,1.56906,1.00525
21-May-19,1.08917,1.78973,2.06671,0.91365,1.55053,0.9939
22-May-19,1.04484,1.71231,2.06596,0.87307,1.54938,0.99173
23-May-19,1.05787,1.7314,2.06999,0.88181,1.55235,1.00895
24-May-19,1.06146,1.74394,2.05144,0.87257,1.5377,0.99949
28-May-19,1.05714,1.74285,2.05081,0.87373,1.53782,1.00024
29-May-19,1.09042,1.79645,2.08941,0.90071,1.5673,1.01968
30-May-19,1.06204,1.7531,2.06789,0.8794,1.54801,1.00846
31-May-19,1.08621,1.79096,2.13881,0.89937,1.6008,1.0417
03-Jun-19,1.09297,1.79133,2.15052,0.8967,1.6085,1.04398
04-Jun-19,1.0851,1.7874,2.13082,0.89715,1.5978,1.03998
05-Jun-19,1.11122,1.78659,2.13909,0.87632,1.59857,1.01996
06-Jun-19,1.08298,1.77523,2.10118,0.88812,1.57505,1.03114
07-Jun-19,1.0836,1.77527,2.10349,0.88631,1.57613,1.10149
10-Jun-19,1.12982,1.85227,2.19159,0.91809,1.64666,1.13141
11-Jun-19,1.11804,1.84319,2.17593,0.91837,1.63458,1.10884
12-Jun-19,1.12283,1.84081,2.18039,0.91825,1.63317,1.10005
13-Jun-19,1.11859,1.83478,2.20567,0.91909,1.65497,1.1155
14-Jun-19,1.20359,1.97499,2.34285,0.98944,1.78189,1.24528
17-Jun-19,1.22241,1.9988,2.35537,0.99763,1.76539,1.23096
18-Jun-19,1.34292,2.12948,2.5295,1.04011,1.8841,1.30682
19-Jun-19,1.27214,2.0564,2.44652,1.02291,1.83888,1.28015
20-Jun-19,1.23514,2.01865,2.42207,1.01388,1.82785,1.27655
21-Jun-19,1.09188,1.98395,2.40483,0.8731,1.80768,1.22571
24-Jun-19,1.08272,1.96473,2.41564,0.8636,1.84002,1.25036
25-Jun-19,1.08774,1.97754,2.4791,0.86669,1.88185,1.28369
26-Jun-19,1.05932,1.92017,2.4045,0.84586,1.83123,1.24792
27-Jun-19,1.06805,1.93975,2.42905,0.85189,1.84259,1.25324
28-Jun-19,1.07153,1.94467,2.43477,0.85623,1.8497,1.23804
01-Jul-19,1.06834,1.92283,2.40332,0.835,1.82544,1.24488
02-Jul-19,0.96269,1.74903,2.39282,0.76428,1.84474,1.27117
03-Jul-19,0.96,1.75555,2.43314,0.77829,1.87734,1.29158
05-Jul-19,0.96872,1.77175,2.43275,0.82545,1.88587,1.30321
08-Jul-19,0.98077,1.79605,2.47273,0.84388,1.92944,1.33665
09-Jul-19,0.99445,1.81182,2.48057,0.88117,1.93181,1.3449
10-Jul-19,1.05612,1.92566,2.6101,0.94468,2.03279,1.38249
11-Jul-19,1.05242,1.91522,2.59408,0.93752,2.02168,1.35161
12-Jul-19,1.07285,1.9942,2.7204,0.98731,2.12294,1.42135
15-Jul-19,1.09898,2.00183,2.67145,1.00381,2.08698,1.40611
16-Jul-19,1.08578,1.97304,2.62014,1.00641,2.03977,1.38216
17-Jul-19,1.08801,1.98087,2.64786,1.01137,2.0639,1.36097
18-Jul-19,1.10631,2.00453,2.62422,1.10089,2.04559,1.32813
19-Jul-19,1.14365,2.08074,2.71637,1.13896,2.11821,1.35388
22-Jul-19,1.15548,2.09423,2.72418,1.14726,2.12742,1.36142
23-Jul-19,1.15151,2.09453,2.73412,1.14669,2.13454,1.36785
24-Jul-19,1.15724,2.10975,2.75656,1.1609,2.16154,1.38788
25-Jul-19,1.13662,2.06339,2.71284,1.13874,2.12122,1.356
26-Jul-19,1.1288,2.06298,2.72489,1.14061,2.12857,1.35995
29-Jul-19,1.09552,2.02679,2.63268,1.12887,2.06192,1.31929
30-Jul-19,1.10899,2.01483,2.62862,1.1089,2.07475,1.32764
31-Jul-19,1.11572,2.02487,2.64649,1.11372,2.08873,1.33651
01-Aug-19,1.12814,2.05182,2.68129,1.15191,2.12237,1.36276
02-Aug-19,1.18836,2.17286,2.91714,1.24581,2.34746,1.56088
05-Aug-19,1.24179,2.25683,3.03345,1.29174,2.44302,1.6278
06-Aug-19,1.28695,2.34053,3.09185,1.33553,2.44151,1.61339
07-Aug-19,1.49619,2.65969,3.51142,1.49678,2.7834,1.88885
08-Aug-19,1.42023,2.53468,3.42402,1.42985,2.75507,1.89666
09-Aug-19,1.31468,2.40334,3.28591,1.35208,2.5686,1.72738
12-Aug-19,1.25762,2.31589,3.17015,1.28368,2.47767,1.66157
13-Aug-19,1.28806,2.33744,3.19915,1.28768,2.49632,1.67471
14-Aug-19,1.32574,2.41202,3.31044,1.30685,2.58529,1.76006
15-Aug-19,1.43662,2.57368,3.53129,1.40139,2.74697,1.85366
16-Aug-19,1.51368,2.78873,3.79402,1.54565,2.94887,1.95229
19-Aug-19,1.53475,2.80359,3.80838,1.54485,3.01044,2.06963
20-Aug-19,1.55509,2.82434,3.83434,1.55661,2.992,2.03224
21-Aug-19,1.54471,2.81487,3.82052,1.5567,2.98834,2.03052
22-Aug-19,1.42358,2.62369,3.69824,1.41783,2.91908,1.98119
23-Aug-19,1.33451,2.45422,3.46039,1.36186,2.70768,1.81315
26-Aug-19,N/A,N/A,N/A,N/A,N/A,N/A
27-Aug-19,1.35465,2.46169,3.44567,1.35732,2.68843,1.80145
28-Aug-19,1.38536,2.51436,3.53652,1.41072,2.79571,1.90257
29-Aug-19,1.4261,2.5932,3.65021,1.45559,2.88645,1.96515
30-Aug-19,1.44619,2.62975,3.69683,1.47464,2.92101,1.98825
03-Sep-19,1.53856,2.80992,3.81225,1.60408,3.08271,2.05908
04-Sep-19,1.5521,2.82298,3.82871,1.60812,3.09114,2.06567
05-Sep-19,1.35335,2.84148,3.85392,1.62813,3.12527,2.0898
06-Sep-19,1.35143,2.84478,3.84717,1.63368,3.121,2.08572
09-Sep-19,1.05194,2.63124,3.88915,1.52661,3.18956,2.04314
10-Sep-19,0.99581,2.52415,3.75541,1.47423,3.08741,1.97728
11-Sep-19,1.06717,2.35666,3.58165,1.36101,2.86328,1.80857
12-Sep-19,0.95863,2.14677,3.24901,1.25124,2.60288,1.63961
13-Sep-19,1.03002,2.26994,3.44339,1.30989,2.75198,1.73753
16-Sep-19,1.03897,2.31028,3.44692,1.31728,2.75738,1.73835
17-Sep-19,0.99452,2.2184,3.47604,1.26098,2.816,1.74746
18-Sep-19,1.04378,2.21959,3.52387,1.27919,2.81684,1.75002
19-Sep-19,0.99559,2.12237,3.44901,1.21061,2.79052,1.70509
20-Sep-19,0.98998,2.08105,3.43756,1.18346,2.84818,1.88252
23-Sep-19,1.02892,2.14407,3.46278,1.22172,2.87588,1.92786
24-Sep-19,1.03586,2.16141,3.39756,1.22964,2.77771,1.81142
25-Sep-19,1.09237,2.27234,3.33079,1.25017,2.66515,1.70677
26-Sep-19,1.09369,2.27859,3.34847,1.25464,2.68157,1.70794
27-Sep-19,1.0947,2.28022,3.29602,1.2782,2.67081,1.73761
30-Sep-19,1.11118,2.28693,3.35755,1.28242,2.72062,1.74279
01-Oct-19,1.09824,2.2795,3.32569,1.2871,2.69691,1.72167
02-Oct-19,1.08282,2.23944,3.32141,1.25086,2.69237,1.69894
03-Oct-19,1.09165,2.28235,3.36727,1.28239,2.72895,1.71435
04-Oct-19,1.05249,2.19238,3.29122,1.22464,2.73132,1.66363
07-Oct-19,1.02547,2.14672,3.24306,1.20342,2.69507,1.64405
08-Oct-19,0.95653,1.99063,3.04883,1.06984,2.38268,1.43614
09-Oct-19,0.90239,1.91458,2.91885,1.05114,2.29271,1.37194
10-Oct-19,0.96027,2.00293,3.08238,1.08686,2.41873,1.45583
11-Oct-19,0.97824,2.03452,3.12772,1.09269,2.44998,1.475
15-Oct-19,1.00292,2.08357,3.18077,1.11198,2.47951,1.48866
16-Oct-19,1.10344,2.16496,3.23566,1.11676,2.52618,1.56744
17-Oct-19,1.1236,2.19688,3.26128,1.12968,2.53775,1.5706
18-Oct-19,1.13166,2.15573,3.17056,1.1512,2.48311,1.54296
21-Oct-19,1.08875,2.17241,3.08871,1.30209,2.377,1.42809
22-Oct-19,1.10764,2.14714,3.08873,1.1491,2.398,1.48462
23-Oct-19,1.18795,2.16087,3.11853,1.27496,2.40637,1.44762
24-Oct-19,1.14473,2.13632,3.14198,1.27478,2.3575,1.4114
25-Oct-19,1.16208,2.15691,3.08547,1.24766,2.34854,1.41023
28-Oct-19,1.1953,2.20407,3.1481,1.26731,2.39108,1.43854
29-Oct-19,1.16969,2.17189,3.12301,1.26154,2.40815,1.44527
30-Oct-19,1.2022,2.22667,3.08089,1.283,2.37471,1.40733
31-Oct-19,1.20132,2.18415,3.04913,1.22167,2.34884,1.43484
01-Nov-19,1.22301,2.1063,2.94596,1.17066,2.21165,1.36282
04-Nov-19,1.22508,2.10001,2.93992,1.17201,2.20535,1.36154
05-Nov-19,1.26158,2.13939,3.01262,1.27418,2.25762,1.40248
06-Nov-19,1.16043,2.04702,2.86208,1.1767,2.20422,1.36904
07-Nov-19,1.32575,2.17687,3.00623,1.27297,2.31481,1.43973
08-Nov-19,1.41499,2.29155,3.09529,1.3192,2.37787,1.48257
12-Nov-19,1.16143,2.18844,2.97185,1.14481,2.31451,1.43866
13-Nov-19,1.21746,2.20032,2.94775,1.10382,2.21116,1.37716
14-Nov-19,1.25077,2.27129,3.10315,1.12409,2.36296,1.34644
15-Nov-19,1.21944,2.22229,3.02314,1.11381,2.30472,1.31171
18-Nov-19,1.15565,2.13719,2.90675,1.06193,2.18095,1.2426
19-Nov-19,1.16112,2.1375,2.88485,1.05275,2.16411,1.25754
20-Nov-19,1.11781,2.14147,2.83285,1.06329,2.06252,1.21987
21-Nov-19,1.14636,2.20832,2.90918,1.10692,2.10018,1.26082
22-Nov-19,1.14792,2.16961,2.909,1.06618,2.12911,1.27826
25-Nov-19,1.10453,2.12739,2.81155,1.04254,2.05939,1.25785
26-Nov-19,1.08862,2.10452,2.78856,1.11943,2.01366,1.18845
27-Nov-19,1.11047,2.13796,2.81114,1.11446,2.08663,1.27519
29-Nov-19,1.10874,2.05425,2.767,1.11176,2.10811,1.19507
02-Dec-19,1.14288,2.12079,2.81142,1.14705,2.1393,1.20528
03-Dec-19,1.11684,2.08098,2.81999,1.12877,2.14749,1.22486
04-Dec-19,1.13188,2.11082,2.91023,1.20261,2.18694,1.264
05-Dec-19,1.15265,2.12371,2.94435,1.22193,2.20928,1.2561
06-Dec-19,1.15536,2.14171,2.91915,1.21811,2.19276,1.21957
09-Dec-19,1.16889,2.15945,2.89277,1.22876,2.14313,1.20469
10-Dec-19,1.12447,2.08625,2.88966,1.21046,2.11368,1.18667
11-Dec-19,1.09949,2.0387,2.82527,1.18241,2.09469,1.176
12-Dec-19,1.09152,2.02451,2.77261,1.17382,2.08251,1.16973
13-Dec-19,1.10127,1.9963,2.66764,1.15629,2.00123,1.11881
16-Dec-19,1.07675,1.968,2.65735,1.14211,1.96886,1.10357
17-Dec-19,1.09111,1.96906,2.66559,1.13557,1.97163,1.10645
18-Dec-19,1.10032,1.96631,2.68408,1.12617,1.9544,1.10184
19-Dec-19,1.13886,2.03476,2.75485,1.16153,2.003,1.12618
20-Dec-19,1.11296,1.99097,2.69806,1.15038,1.91513,1.07547
23-Dec-19,1.11461,1.98269,2.69242,1.14293,1.90858,1.07398
24-Dec-19,N/A,N/A,N/A,N/A,N/A,N/A
26-Dec-19,N/A,N/A,N/A,N/A,N/A,N/A
27-Dec-19,1.14668,2.00013,2.68184,1.14042,1.89047,1.06263
30-Dec-19,1.13366,1.99342,2.70258,1.11131,1.92038,1.05828
31-Dec-19,N/A,N/A,N/A,N/A,N/A,N/A
02-Jan-20,1.12984,2.02172,2.76501,1.13556,1.97352,1.08681
03-Jan-20,1.16632,2.03501,2.76902,1.13698,1.94159,1.09436
06-Jan-20,1.15133,2.02261,2.74823,1.13433,1.92868,1.08512
07-Jan-20,1.31329,2.09153,2.7721,1.14077,1.91203,1.07478
08-Jan-20,1.25644,2.03036,2.67154,1.07115,1.82146,1.05798
09-Jan-20,1.25291,2.02285,2.6519,1.06332,1.8063,1.04902
10-Jan-20,1.22269,1.96415,2.58292,1.03108,1.75906,1.02279
13-Jan-20,1.21497,1.95705,2.57726,1.02751,1.75393,1.01962
14-Jan-20,1.20873,1.92179,2.53075,1.00199,1.71888,1.00179
15-Jan-20,1.21722,1.90431,2.5125,0.98489,1.70269,0.99574
16-Jan-20,1.21742,1.88061,2.48232,0.96614,1.67872,0.98408
17-Jan-20,1.2159,1.87985,2.47784,0.96712,1.67577,0.98188
21-Jan-20,1.13188,1.81665,2.41615,0.96001,1.62142,0.97326
22-Jan-20,1.13961,1.84271,2.4183,0.97757,1.62485,0.95924
23-Jan-20,1.1253,1.81844,2.39062,0.89243,1.53649,0.90748
24-Jan-20,1.14463,1.85004,2.42638,0.92707,1.55892,0.91083
27-Jan-20,1.23037,1.983,2.59606,0.99036,1.66531,0.98122
28-Jan-20,1.19467,1.97969,2.59267,1.00399,1.67436,0.97945
29-Jan-20,1.1743,1.94409,2.58323,0.98863,1.66952,0.99428
30-Jan-20,1.20004,1.95613,2.58677,0.98602,1.66595,1.02976
31-Jan-20,1.32429,2.14465,2.8227,1.07606,1.82006,1.12856
03-Feb-20,1.27349,2.05978,2.80679,1.03166,1.82961,1.15084
04-Feb-20,1.23667,1.99963,2.7313,1.00119,1.78155,1.10407
05-Feb-20,1.22436,1.95796,2.68841,0.97484,1.74949,1.10569
06-Feb-20,1.23332,1.97796,2.71337,0.99319,1.76813,1.11423
07-Feb-20,1.23508,1.9835,2.7158,0.99045,1.75941,1.10501
10-Feb-20,1.23357,1.98657,2.73073,0.99248,1.7776,1.10379
11-Feb-20,1.21496,1.96583,2.70579,1.00156,1.73694,1.0412
12-Feb-20,1.17719,1.90867,2.64387,0.9772,1.69908,1.00359
13-Feb-20,1.17017,1.89712,2.62512,0.97301,1.64462,0.9558
14-Feb-20,1.21604,1.90005,2.63014,0.96722,1.66171,0.98299
18-Feb-20,1.18297,1.86523,2.59187,0.96165,1.64494,0.97134
19-Feb-20,1.2373,1.91192,2.66404,0.95724,1.63191,0.91642
20-Feb-20,1.27185,1.96151,2.75589,0.98319,1.77147,1.04876
21-Feb-20,1.22452,1.88814,2.98233,0.96461,1.98536,1.27972
24-Feb-20,1.43956,2.2338,3.36966,1.16649,2.29086,1.49722
25-Feb-20,1.35449,2.11689,3.22338,1.08073,2.19702,1.40044
26-Feb-20,1.32589,2.07384,3.11795,1.05885,2.02979,1.23766
27-Feb-20,1.37324,2.16895,3.19958,1.11253,2.07337,1.24462
28-Feb-20,1.48145,2.31863,3.36542,1.18562,2.19265,1.31125
02-Mar-20,1.47277,2.27146,3.34167,1.16637,2.18311,1.32166
03-Mar-20,1.47035,2.26764,3.28434,1.18003,2.1607,1.30197
04-Mar-20,1.47142,2.29192,3.33149,1.19717,2.20338,1.32578
05-Mar-20,1.29197,2.23403,3.33267,1.1866,2.20132,1.31983
06-Mar-20,1.44695,2.48143,3.95717,1.32482,2.65704,1.65742
09-Mar-20,1.73799,2.88543,4.63828,1.55505,3.37848,2.33693
10-Mar-20,1.62732,2.72778,4.49934,1.48816,3.29996,2.31856
11-Mar-20,1.76103,2.92912,4.94945,1.59711,3.72461,2.77014
12-Mar-20,1.87537,3.25508,5.72188,1.81751,4.53555,3.78628
13-Mar-20,1.77978,2.99413,5.26386,1.64824,4.15843,3.45157
16-Mar-20,2.03452,3.38224,5.55192,1.89132,4.49943,3.78369
17-Mar-20,1.97362,3.29881,5.4858,1.85609,4.36587,3.67441
18-Mar-20,2.02183,3.37318,5.5471,1.88766,4.45344,3.73043
19-Mar-20,2.32225,3.90381,6.17344,2.20997,4.98915,4.1483
20-Mar-20,2.15374,3.80931,5.9401,2.21229,4.80393,3.93267
23-Mar-20,2.66323,3.79928,5.91638,2.66097,4.97543,4.07538
24-Mar-20,2.52903,3.61905,5.34645,2.53152,4.47889,3.5606
25-Mar-20,2.36562,3.38747,4.84462,2.36869,3.58389,2.50439
26-Mar-20,2.22077,3.17728,4.59581,2.22253,3.36539,2.2206
27-Mar-20,2.24106,3.17456,4.54217,2.22704,3.50475,2.52847
30-Mar-20,2.21674,3.16488,4.488,2.19011,3.49325,2.36821
31-Mar-20,2.11604,3.0431,4.18481,2.00945,3.34638,2.27471
01-Apr-20,2.04265,2.97161,4.07797,1.97117,3.25844,2.20831
02-Apr-20,1.91819,2.77875,4.02446,1.88195,3.12362,2.12241
03-Apr-20,1.78307,2.58936,3.78786,1.75349,2.94254,2.00652
06-Apr-20,1.73884,2.53737,3.56493,1.73504,2.82229,1.90946
07-Apr-20,1.83095,2.57766,3.63494,1.75991,2.80696,1.91889
08-Apr-20,1.83233,2.46667,3.62582,1.61017,2.76817,1.88413
09-Apr-20,1.76804,2.39256,3.48984,1.57435,2.67252,1.80875
13-Apr-20,N/A,N/A,N/A,N/A,N/A,N/A
14-Apr-20,1.4327,2.31585,3.41365,1.50741,2.56313,1.6901
15-Apr-20,1.41137,2.29173,3.3927,1.49157,2.54306,1.67864
16-Apr-20,1.4408,2.29519,3.43574,1.47279,2.51995,1.67209
17-Apr-20,1.42038,2.28771,3.42033,1.46366,2.50741,1.65811
20-Apr-20,1.42404,2.2966,3.42918,1.46838,2.51295,1.66
21-Apr-20,1.49346,2.3085,3.46347,1.45119,2.49918,1.67885
22-Apr-20,1.62116,2.31501,3.53075,1.4517,2.68061,1.90116
23-Apr-20,1.66497,2.43901,3.62247,1.49257,2.68608,1.91375
24-Apr-20,1.63239,2.39488,3.54118,1.50088,2.62386,1.85707
27-Apr-20,1.54966,2.32199,3.3988,1.45271,2.51358,1.76809
28-Apr-20,1.48781,2.25927,3.3055,1.41535,2.45346,1.71786
29-Apr-20,1.38534,2.16872,3.22932,1.28481,2.42862,1.69871
30-Apr-20,1.33887,2.08448,3.11927,1.21673,2.32638,1.63114
01-May-20,N/A,N/A,N/A,N/A,N/A,N/A
04-May-20,1.32345,2.07939,3.12304,1.22906,2.35423,1.6437
05-May-20,1.32637,2.083,3.12657,1.23116,2.38921,1.64463
06-May-20,1.32401,2.0591,3.08513,1.21914,2.3639,1.62997
07-May-20,1.32853,2.04835,3.06661,1.20798,2.34292,1.61864
08-May-20,N/A,N/A,N/A,N/A,N/A,N/A
11-May-20,1.30559,2.01079,2.99188,1.18965,2.28474,1.57775
12-May-20,1.32921,1.98076,2.97584,1.10214,2.26319,1.57922
13-May-20,1.35381,1.99705,2.98724,1.09934,2.25889,1.58115
14-May-20,1.38888,1.99457,2.98839,1.08997,2.25788,1.59086
15-May-20,1.41356,2.00202,2.99735,1.07919,2.2476,1.59173
18-May-20,1.41609,2.0142,2.99192,1.08467,2.18595,1.53207
19-May-20,1.4373,2.05028,3.0277,1.10386,2.20697,1.53348
20-May-20,1.43262,2.06862,3.05784,1.11007,2.23055,1.54449
21-May-20,1.4588,2.08825,3.05566,1.16103,2.23502,1.51975
22-May-20,1.45161,2.09409,3.04537,1.16792,2.19613,1.46487
26-May-20,1.34508,2.09831,3.05413,1.16886,2.20166,1.46723
27-May-20,1.33864,2.09905,3.05472,1.18914,2.13682,1.43214
28-May-20,1.31863,2.07563,3.00155,1.17662,2.09895,1.4081
29-May-20,1.35263,2.07707,3.02334,1.20408,2.20966,1.50776
01-Jun-20,1.35818,2.07966,3.0094,1.20454,2.20126,1.49458
02-Jun-20,1.34203,2.11434,3.05287,1.24084,2.25011,1.51177
03-Jun-20,1.30155,2.12066,3.05974,1.24938,2.28642,1.55819
04-Jun-20,1.28805,2.11262,3.05386,1.24853,2.32789,1.57446
05-Jun-20,1.31996,2.18697,3.24129,1.29466,2.48939,1.68618
08-Jun-20,1.33064,2.20283,3.31375,1.30512,2.55179,1.73925
09-Jun-20,1.34521,2.23973,3.3755,1.32885,2.66533,1.82003
10-Jun-20,1.34538,2.24561,3.38437,1.32992,2.69648,1.89518
11-Jun-20,1.36376,2.34835,3.75376,1.41001,3.01126,2.14483
12-Jun-20,1.34952,2.32552,3.69777,1.39548,2.96426,2.1051
15-Jun-20,1.31389,2.2667,3.56281,1.36168,2.85312,2.01787
16-Jun-20,1.29685,2.24527,3.52718,1.35084,2.82734,1.99692
17-Jun-20,1.30174,2.25756,3.54863,1.35852,2.84648,2.00883
18-Jun-20,1.30097,2.25279,3.53294,1.35548,2.83,1.99912
19-Jun-20,1.30449,2.25937,3.54443,1.35881,2.84069,2.00466
22-Jun-20,1.2952,2.22634,3.53875,1.34248,2.81162,2.00091
23-Jun-20,1.28644,2.2168,3.47367,1.32785,2.77701,1.97494
24-Jun-20,1.28504,2.21083,3.4694,1.32365,2.76503,1.97144
25-Jun-20,1.3115,2.26446,3.56778,1.35869,2.84308,2.03162
26-Jun-20,1.28962,2.22788,3.44048,1.33969,2.78605,2.00804
29-Jun-20,1.28527,2.21972,3.41704,1.33197,2.75936,1.98702
30-Jun-20,1.29132,2.24398,3.46982,1.35464,2.81344,2.02547
01-Jul-20,1.29509,2.23165,3.46414,1.34341,2.80584,2.02693
02-Jul-20,1.28351,2.2192,3.43636,1.3352,2.78147,2.00725
06-Jul-20,1.2564,2.17926,3.35954,1.30856,2.71,1.95336
07-Jul-20,1.2486,2.17165,3.35309,1.30606,2.7151,1.932
08-Jul-20,1.24651,2.16708,3.34438,1.30314,2.70852,1.9264
09-Jul-20,1.23,2.13691,3.29975,1.28398,2.66143,1.86999
10-Jul-20,1.235,2.1596,3.37098,1.30234,2.74233,1.93614
13-Jul-20,1.24451,2.17001,3.39587,1.30748,2.76189,1.9532
14-Jul-20,1.26799,2.21711,3.48382,1.33628,2.83445,1.99002
15-Jul-20,1.26283,2.20118,3.48106,1.32536,2.83395,1.99496
16-Jul-20,1.23588,2.16776,3.42927,1.31125,2.79831,1.95104
17-Jul-20,1.2109,2.12673,3.35941,1.26648,2.74321,1.90967
20-Jul-20,1.20678,2.11782,3.36127,1.25193,2.74081,1.90948
21-Jul-20,1.15868,2.04899,3.19512,1.21826,2.59307,1.78368
22-Jul-20,1.15126,1.98537,3.04834,1.16294,2.42346,1.64898
23-Jul-20,1.16077,1.97917,2.93599,1.15254,2.31945,1.56916
24-Jul-20,1.17054,1.98732,2.99307,1.05956,2.36424,1.60121
27-Jul-20,1.18281,2.00116,3.01704,1.06255,2.37903,1.61195
28-Jul-20,1.17779,2.0221,3.04266,1.07204,2.39991,1.6464
29-Jul-20,1.16954,2.03077,3.05215,1.07845,2.40974,1.65125
30-Jul-20,1.20948,2.10382,3.15414,1.11338,2.51887,1.72317
31-Jul-20,1.19521,2.07385,3.12949,1.09538,2.49932,1.71313
03-Aug-20,1.18142,2.0506,3.09016,1.08345,2.46777,1.69036
04-Aug-20,1.17916,2.05789,3.10253,1.09076,2.47815,1.69595
05-Aug-20,1.17184,2.03443,3.05484,1.07393,2.43568,1.66752
06-Aug-20,1.18785,2.06518,3.11559,1.09047,2.45334,1.68239
07-Aug-20,1.18209,2.05611,3.09763,1.09111,2.4439,1.67301
10-Aug-20,1.16403,2.04722,3.0789,1.09364,2.43178,1.65992
11-Aug-20,1.1803,2.07402,3.11781,1.10752,2.46092,1.68154
12-Aug-20,1.18862,2.09142,3.14704,1.11727,2.48402,1.69774
13-Aug-20,1.18522,2.07789,3.13383,1.10799,2.47476,1.694
14-Aug-20,1.2042,2.1137,3.18811,1.12658,2.51569,1.72086
17-Aug-20,1.22003,2.11572,3.22739,1.11808,2.54248,1.74541
18-Aug-20,1.23485,2.13764,3.26718,1.12802,2.57295,1.76745
19-Aug-20,1.22752,2.12904,3.25611,1.12538,2.56662,1.76233
20-Aug-20,1.23066,2.14976,3.28653,1.13979,2.59109,1.77542
21-Aug-20,1.23354,2.16717,3.32171,1.16764,2.63612,1.8152
24-Aug-20,1.23347,2.19,3.34168,1.18612,2.65154,1.81948
25-Aug-20,1.26622,2.2477,3.43838,1.21494,2.72598,1.87255
26-Aug-20,1.27583,2.26871,3.47307,1.22716,2.75358,1.89095
27-Aug-20,1.24339,2.2351,3.43912,1.1989,2.72213,1.87968
28-Aug-20,1.24018,2.25055,3.46966,1.22132,2.72991,1.87354
31-Aug-20,N/A,N/A,N/A,N/A,N/A,N/A
01-Sep-20,1.22609,2.24561,3.4552,1.21931,2.70811,1.8575
02-Sep-20,1.20651,2.22422,3.43181,1.21356,2.69577,1.84722
03-Sep-20,1.18531,2.20123,3.39166,1.18097,2.60843,1.74109
04-Sep-20,1.16711,2.1659,3.33332,1.16102,2.56142,1.71011
08-Sep-20,1.17887,2.18458,3.3694,1.17095,2.58748,1.72821
09-Sep-20,1.17994,2.18881,3.38528,1.17342,2.5976,1.73039
10-Sep-20,1.16353,2.15307,3.33477,1.15406,2.56086,1.70763
11-Sep-20,1.17024,2.16829,3.36537,1.17384,2.57312,1.70234
14-Sep-20,1.16564,2.15397,3.3442,1.16923,2.55753,1.69113
15-Sep-20,1.14752,2.10017,3.28229,1.13431,2.49501,1.65132
16-Sep-20,1.13212,2.08039,3.26667,1.12855,2.49639,1.65167
17-Sep-20,1.11478,2.02604,3.12373,1.10167,2.36311,1.54411
18-Sep-20,1.10029,2.00087,3.08684,1.08877,2.33681,1.52992
21-Sep-20,1.13186,2.0333,3.13745,1.09586,2.36727,1.55531
22-Sep-20,1.12941,2.03521,3.1156,1.10018,2.34921,1.53809
23-Sep-20,1.11753,2.00691,3.06231,1.09699,2.30168,1.50831
24-Sep-20,1.10202,1.97229,3.01486,1.0773,2.26774,1.48847
25-Sep-20,1.08752,1.956,3.00963,1.07282,2.2711,1.4922
28-Sep-20,1.09128,1.93811,2.95867,1.06488,2.22438,1.46371
29-Sep-20,1.03843,1.84894,2.82698,1.01835,2.12692,1.39932
30-Sep-20,1.0318,1.84107,2.80432,1.01514,2.1075,1.38384
01-Oct-20,1.05535,1.88666,2.88692,1.03451,2.171,1.42562
02-Oct-20,1.08114,1.92526,2.93933,1.06022,2.2181,1.45878
05-Oct-20,1.08023,1.92036,2.94099,1.05293,2.21469,1.45463
06-Oct-20,1.07032,1.93132,2.96772,1.06313,2.23698,1.4679
07-Oct-20,1.0654,1.90474,2.91405,1.04322,2.1932,1.4434
08-Oct-20,1.07266,1.93189,2.92197,1.0646,2.1992,1.44051
09-Oct-20,1.03409,1.85206,2.83587,1.00757,2.13766,1.40484
13-Oct-20,1.02769,1.82956,2.79063,1.00764,2.10016,1.38609
14-Oct-20,1.00861,1.8093,2.7632,0.98079,2.08341,1.3771
15-Oct-20,1.05097,1.8823,2.87346,1.02512,2.17054,1.44819
16-Oct-20,1.02758,1.82773,2.78195,0.99279,2.09764,1.40078
19-Oct-20,1.032,1.82374,2.79225,0.99214,2.11364,1.41958
20-Oct-20,1.03953,1.82126,2.80361,0.98673,2.12149,1.42971
21-Oct-20,1.04482,1.84824,2.82463,1.00642,2.14174,1.43771
22-Oct-20,1.03612,1.80524,2.76585,0.97526,2.09192,1.40996
23-Oct-20,1.03994,1.80257,2.75963,0.97325,2.08569,1.40701
26-Oct-20,1.03302,1.82807,2.78745,0.99482,2.11084,1.41752
27-Oct-20,1.03019,1.81434,2.77933,0.99233,2.10102,1.41731
28-Oct-20,1.0517,1.86846,2.84228,1.02309,2.1569,1.45964
29-Oct-20,1.0245,1.80695,2.78657,0.99569,2.12065,1.44196
30-Oct-20,1.03646,1.83452,2.79531,0.99699,2.12176,1.43522
02-Nov-20,1.06131,1.87791,2.8517,1.01942,2.17784,1.47317
03-Nov-20,1.06339,1.88898,2.8745,1.02771,2.19768,1.48603
04-Nov-20,0.99471,1.76622,2.67806,0.96251,2.04702,1.38307
05-Nov-20,0.95298,1.66473,2.52179,0.90073,1.91639,1.29305
06-Nov-20,0.9362,1.63885,2.48809,0.87362,1.89256,1.29025
09-Nov-20,0.98459,1.71051,2.61354,0.90501,1.98467,1.35742
10-Nov-20,1.03019,1.8256,2.76243,1.01737,2.09594,1.40553
12-Nov-20,0.96933,1.72815,2.6157,0.96665,1.98567,1.33124
13-Nov-20,0.92878,1.65228,2.49782,0.92271,1.89339,1.26596
16-Nov-20,0.91635,1.63001,2.48072,0.9061,1.88212,1.25704
17-Nov-20,0.9177,1.63485,2.4818,0.90914,1.8622,1.24413
18-Nov-20,0.91723,1.64513,2.50952,0.92141,1.88915,1.2605
19-Nov-20,0.9291,1.6478,2.50087,0.91912,1.87649,1.25433
20-Nov-20,0.90469,1.61589,2.44472,0.90489,1.83529,1.22293
23-Nov-20,0.90202,1.59848,2.4337,0.89134,1.82559,1.21933
24-Nov-20,0.90176,1.59999,2.43577,0.8935,1.8282,1.22033
25-Nov-20,0.90219,1.61142,2.4324,0.90345,1.82568,1.21395
27-Nov-20,0.88715,1.57922,2.42194,0.88172,1.82307,1.21867
30-Nov-20,0.91095,1.62455,2.45421,0.91134,1.84767,1.23185
01-Dec-20,0.90058,1.60174,2.44123,0.89593,1.83963,1.22941
02-Dec-20,0.92212,1.63671,2.48688,0.91319,1.86971,1.24833
03-Dec-20,0.90802,1.61825,2.49978,0.90614,1.88886,1.2652
04-Dec-20,0.92483,1.64576,2.52184,0.91923,1.89814,1.26651
07-Dec-20,0.9358,1.66544,2.54624,0.92974,1.91435,1.27574
08-Dec-20,0.93661,1.66263,2.53963,0.92691,1.90793,1.27217
09-Dec-20,0.91817,1.6392,2.50864,0.91913,1.89184,1.26073
10-Dec-20,0.9106,1.61675,2.44885,0.9029,1.83779,1.22134
11-Dec-20,0.91834,1.62701,2.46103,0.90736,1.84511,1.22553
14-Dec-20,0.90741,1.61353,2.46131,0.90526,1.85982,1.24494
15-Dec-20,0.90017,1.60243,2.44376,0.89878,1.84537,1.23437
16-Dec-20,0.89986,1.59911,2.44716,0.89643,1.84954,1.23889
17-Dec-20,0.92373,1.63891,2.51509,0.91611,1.89868,1.27344
18-Dec-20,0.91504,1.62715,2.46323,0.91212,1.87039,1.25636
21-Dec-20,0.90464,1.61489,2.44934,0.90816,1.86413,1.25142
22-Dec-20,0.9062,1.62257,2.46913,0.91429,1.88243,1.26242
23-Dec-20,0.90401,1.6212,2.46012,0.91991,1.88551,1.26775
24-Dec-20,N/A,N/A,N/A,N/A,N/A,N/A
28-Dec-20,N/A,N/A,N/A,N/A,N/A,N/A
29-Dec-20,0.92169,1.63687,2.48044,0.91717,1.88471,1.26771
30-Dec-20,0.90299,1.62484,2.48845,0.91707,1.90105,1.27734
31-Dec-20,N/A,N/A,N/A,N/A,N/A,N/A
04-Jan-21,0.9343,1.67219,2.51657,0.94201,1.91306,1.27953
05-Jan-21,0.93267,1.67291,2.52511,0.94276,1.9205,1.28463
06-Jan-21,0.929,1.67233,2.52078,0.946,1.92092,1.28309
07-Jan-21,0.91939,1.64906,2.48201,0.93307,1.89256,1.26531
08-Jan-21,0.90245,1.6079,2.3936,0.89737,1.80676,1.19858
11-Jan-21,0.89492,1.59751,2.37077,0.89288,1.79005,1.18507
12-Jan-21,0.94084,1.61969,2.38801,0.88196,1.77828,1.18989
13-Jan-21,0.95152,1.62741,2.37827,0.88677,1.77057,1.18271
14-Jan-21,0.94376,1.6386,2.39769,0.90165,1.78889,1.19595
15-Jan-21,0.94237,1.63552,2.39614,0.89955,1.78819,1.19676
19-Jan-21,0.93779,1.63331,2.36444,0.90289,1.76167,1.17748
20-Jan-21,0.93137,1.60937,2.33602,0.88647,1.73995,1.16691
21-Jan-21,0.93435,1.63003,2.37454,0.90011,1.77805,1.19848
22-Jan-21,0.9422,1.65606,2.40905,0.91732,1.80536,1.21391
25-Jan-21,0.95128,1.65886,2.41283,0.91375,1.80315,1.21598
26-Jan-21,0.94473,1.64132,2.40479,0.90515,1.8052,1.22204
27-Jan-21,0.95199,1.63907,2.41319,0.90272,1.81587,1.23405
28-Jan-21,0.96984,1.68773,2.47542,0.92792,1.86223,1.26005
29-Jan-21,1.0158,1.77029,2.58557,0.9778,1.94798,1.31916
01-Feb-21,1.03888,1.81146,2.62068,1.00029,1.98444,1.34693
02-Feb-21,1.0323,1.82834,2.64343,1.01829,2.00911,1.35721
03-Feb-21,1.07036,1.86047,2.69003,1.02618,2.0423,1.39287
04-Feb-21,1.10962,1.93585,2.79613,1.06912,2.12653,1.44773
05-Feb-21,1.14519,2.02785,2.94109,1.13325,2.24173,1.52523
08-Feb-21,1.14926,2.06028,2.98772,1.15795,2.28478,1.5491
09-Feb-21,1.12814,1.9851,2.86566,1.10782,2.16834,1.47682
10-Feb-21,1.08808,1.90154,2.74937,1.05709,2.08876,1.42844
11-Feb-21,1.07742,1.88448,2.72405,1.04901,2.07078,1.41677
12-Feb-21,1.06691,1.87934,2.76862,1.05152,2.11217,1.44322
16-Feb-21,1.12198,1.96915,2.90514,1.10494,2.20122,1.50842
17-Feb-21,1.12252,1.98639,2.93475,1.1206,2.22401,1.52237
18-Feb-21,1.15032,1.98457,2.92745,1.09872,2.20584,1.48641
19-Feb-21,1.26788,2.08395,3.08173,1.10709,2.2929,1.56373
22-Feb-21,1.17934,2.08368,2.99019,1.1726,2.22052,1.46624
23-Feb-21,1.24321,2.15344,3.07718,1.19797,2.29621,1.53213
24-Feb-21,1.27465,2.22186,3.15741,1.23935,2.36035,1.57087
25-Feb-21,1.39633,2.3107,3.11997,1.25934,2.27193,1.51823
26-Feb-21,1.77058,2.60798,3.33049,1.60744,2.60479,1.72069
01-Mar-21,1.66276,2.47762,3.17455,1.50566,2.4847,1.64422
02-Mar-21,1.5893,2.37162,3.02698,1.43677,2.37001,1.56801
03-Mar-21,1.54738,2.31788,2.99908,1.40957,2.34028,1.54942
04-Mar-21,1.5341,2.34218,3.03143,1.41991,2.36436,1.57454
05-Mar-21,1.54758,2.40085,3.08712,1.41688,2.39692,1.61004
08-Mar-21,1.53559,2.3632,3.02421,1.45594,2.33781,1.61608
09-Mar-21,1.52315,2.37834,2.97836,1.4055,2.29861,1.54757
10-Mar-21,1.54518,2.40697,3.00777,1.42057,2.31713,1.55903
11-Mar-21,1.38264,2.17284,2.85629,1.30829,2.21591,1.5023
12-Mar-21,1.43969,2.2728,3.00483,1.36869,2.32113,1.57042
15-Mar-21,1.46812,2.27701,2.96262,1.36278,2.27803,1.58147
16-Mar-21,1.39282,2.17836,2.83913,1.31193,2.18231,1.51081
17-Mar-21,1.44698,2.24491,2.93397,1.3295,2.22382,1.52925
18-Mar-21,1.5333,2.46508,3.17198,1.4536,2.47732,1.67633
19-Mar-21,1.52439,2.42451,3.15367,1.43006,2.45327,1.63979
22-Mar-21,1.46912,2.36059,3.09056,1.40481,2.41484,1.61287
23-Mar-21,1.45526,2.31477,3.03346,1.37312,2.3524,1.56083
24-Mar-21,1.44749,2.29189,2.99324,1.35765,2.32295,1.54173
25-Mar-21,1.41722,2.23283,2.93006,1.32025,2.23267,1.49514
26-Mar-21,1.40772,2.23872,3.03696,1.37716,2.31404,1.53631
29-Mar-21,1.41298,2.22021,2.99507,1.29384,2.322,1.56848
30-Mar-21,1.50506,2.38949,3.12104,1.38303,2.40378,1.58339
31-Mar-21,1.53269,2.41417,3.15449,1.38803,2.42567,1.60045
01-Apr-21,1.49499,2.38406,3.18017,1.39076,2.45588,1.64292
02-Apr-21,1.49499,2.38406,3.18017,1.39076,2.45588,1.64292
05-Apr-21,1.49499,2.38406,3.18017,1.39076,2.45588,1.64292
06-Apr-21,1.50092,2.38048,3.1711,1.37585,2.40222,1.54953
07-Apr-21,1.51121,2.38357,3.18332,1.37851,2.41237,1.55819
08-Apr-21,1.39108,2.19453,2.96003,1.31795,2.25438,1.47973
09-Apr-21,1.45267,2.26695,3.02861,1.34317,2.29421,1.50569
12-Apr-21,1.43027,2.24213,2.99626,1.33449,2.27297,1.49001
13-Apr-21,1.41472,2.22528,2.99076,1.32868,2.27339,1.4885
14-Apr-21,1.4282,2.23299,2.99071,1.32884,2.27012,1.48784
15-Apr-21,1.40684,2.20594,2.96213,1.32089,2.25266,1.477
16-Apr-21,1.43011,2.22362,2.97528,1.32034,2.25676,1.48084
19-Apr-21,1.42488,2.21432,2.94504,1.28494,2.19273,1.45558
20-Apr-21,1.43071,2.22143,2.94769,1.29802,2.19888,1.46185
21-Apr-21,1.40993,2.2064,2.91053,1.29477,2.17034,1.44381
22-Apr-21,1.39103,2.17403,2.86005,1.28174,2.13599,1.42217
23-Apr-21,1.40813,2.19798,2.87359,1.28884,2.14112,1.42411
26-Apr-21,1.35627,2.17665,2.91115,1.26339,2.12011,1.37305
27-Apr-21,1.3662,2.16662,2.88812,1.24749,2.09715,1.36018
28-Apr-21,1.42097,2.22522,2.94893,1.26958,2.13372,1.38536
29-Apr-21,1.48377,2.29928,3.01408,1.29158,2.16858,1.40361
30-Apr-21,1.53118,2.28838,2.99681,1.26384,2.14642,1.40061
03-May-21,1.53118,2.28838,2.99681,1.26384,2.14642,1.40061
04-May-21,1.47663,2.25215,2.97639,1.26447,2.14588,1.40284
05-May-21,1.51906,2.30357,3.03175,1.28457,2.17982,1.42272
06-May-21,1.57374,2.30623,3.04209,1.26599,2.17853,1.433
07-May-21,1.58175,2.29679,3.03201,1.25958,2.16825,1.43083
10-May-21,1.56695,2.29477,3.028,1.26314,2.16988,1.42636
11-May-21,1.6604,2.34494,3.03814,1.29772,2.13796,1.38188
12-May-21,1.72374,2.31609,2.99671,1.25129,2.08734,1.36079
13-May-21,1.71157,2.30008,2.94919,1.25077,2.04307,1.32596
14-May-21,1.64854,2.24662,2.89066,1.23961,2.01879,1.3007
17-May-21,1.6374,2.25309,2.89524,1.24478,2.02345,1.30032
18-May-21,1.60427,2.24019,2.8846,1.24885,2.02249,1.29022
19-May-21,1.58257,2.1966,2.8311,1.22806,1.98566,1.27028
20-May-21,1.56486,2.181,2.82662,1.23015,1.98968,1.2742
21-May-21,1.5638,2.19248,2.85226,1.24417,2.01068,1.28717
24-May-21,1.52397,2.1476,2.78255,1.21867,1.96055,1.25243
25-May-21,1.39188,2.05945,2.69597,1.17041,1.9015,1.21724
26-May-21,1.28631,1.90973,2.49477,1.08642,1.75822,1.12879
27-May-21,1.41152,2.04697,2.6341,1.13296,1.84196,1.17989
28-May-21,1.39694,2.03979,2.63228,1.13212,1.84329,1.18097
01-Jun-21,1.40545,2.06081,2.68148,1.16524,1.91459,1.2318
02-Jun-21,1.36058,2.0147,2.62998,1.14709,1.88284,1.21202
03-Jun-21,1.37542,2.04058,2.64648,1.15771,1.89247,1.21375
04-Jun-21,1.28729,1.93313,2.53253,1.10215,1.81134,1.16726
07-Jun-21,1.29985,1.93536,2.52902,1.08377,1.7934,1.15274
08-Jun-21,1.25135,1.88616,2.47107,1.06442,1.758,1.13014
09-Jun-21,1.28975,1.95054,2.52838,1.06947,1.78027,1.12911
10-Jun-21,1.28867,1.95299,2.53225,1.09159,1.81185,1.15853
11-Jun-21,1.30577,1.96839,2.53163,1.09661,1.81221,1.15813
14-Jun-21,1.27563,1.95108,2.51975,1.07684,1.81097,1.15487
15-Jun-21,1.27952,1.96775,2.54717,1.0894,1.83943,1.16744
16-Jun-21,1.30525,1.99467,2.557,1.10175,1.84035,1.16986
17-Jun-21,1.28947,2.00523,2.57648,1.13124,1.88064,1.1989
18-Jun-21,1.36885,2.10072,2.70934,1.14522,1.99609,1.28904
21-Jun-21,1.362,2.11452,2.82233,1.15858,2.08999,1.46769
22-Jun-21,1.33504,2.10455,2.81138,1.16035,2.10837,1.44821
23-Jun-21,1.23952,2.03666,2.75493,1.12636,2.08627,1.44066
24-Jun-21,1.16529,1.92913,2.64807,1.0691,1.97721,1.35268
25-Jun-21,1.22295,2.01689,2.71763,1.11534,2.02016,1.3753
28-Jun-21,1.20163,1.98943,2.69898,1.10406,2.01046,1.37025
29-Jun-21,1.20409,1.97756,2.70586,1.10233,1.99945,1.34395
30-Jun-21,1.18234,1.94593,2.68797,1.0883,1.99516,1.31317
01-Jul-21,1.18122,1.96328,2.67212,1.10091,2.00344,1.32067
02-Jul-21,1.1854,1.91337,2.62532,1.06804,1.94402,1.27731
06-Jul-21,1.12305,1.88882,2.61374,1.06802,1.94594,1.27229
07-Jul-21,1.18801,1.99076,2.63992,1.12802,1.97374,1.29354
08-Jul-21,1.24392,2.08678,2.80734,1.17775,2.10022,1.37576
09-Jul-21,1.25748,2.07917,2.80278,1.1792,2.08876,1.37628
12-Jul-21,1.25784,2.07909,2.80203,1.17943,2.08823,1.37634
13-Jul-21,1.24917,2.07213,2.79059,1.17599,2.07843,1.36899
14-Jul-21,1.20583,2.02217,2.72462,1.15091,2.03074,1.33446
15-Jul-21,1.22029,2.04021,2.7628,1.15618,2.05654,1.35232
16-Jul-21,1.2176,2.04422,2.77177,1.15652,2.06016,1.35265
19-Jul-21,1.22052,2.0737,2.8495,1.16698,2.11431,1.38188
20-Jul-21,1.37858,2.32358,3.1413,1.30447,2.34785,1.54972
21-Jul-21,1.33077,2.24204,2.96705,1.26094,2.21017,1.45179
22-Jul-21,1.29199,2.18198,2.9668,1.22698,2.21592,1.46281
23-Jul-21,1.20825,2.06617,2.80252,1.17238,2.09988,1.38379
26-Jul-21,1.24363,2.10081,2.83858,1.19034,2.12741,1.40421
27-Jul-21,1.21642,2.08961,2.81367,1.19204,2.11268,1.38889
28-Jul-21,1.24376,2.10821,2.85917,1.19605,2.14317,1.41488
29-Jul-21,1.2479,2.12272,2.88188,1.20604,2.1617,1.42631
30-Jul-21,1.20908,2.09503,2.85893,1.18504,2.14398,1.41423
02-Aug-21,1.20399,2.08873,2.86475,1.18075,2.14771,1.41671
03-Aug-21,1.19805,2.0773,2.83943,1.17522,2.12937,1.40464
04-Aug-21,1.20869,2.08461,2.8452,1.17738,2.13559,1.41112
05-Aug-21,1.22583,2.13109,2.91439,1.20842,2.18835,1.44394
06-Aug-21,1.25025,2.16741,2.9426,1.22733,2.21548,1.46729
09-Aug-21,1.23032,2.1267,2.9019,1.20259,2.18183,1.44493
10-Aug-21,1.18381,2.084,2.87523,1.15708,2.14261,1.41503
11-Aug-21,1.18488,2.08446,2.87426,1.15707,2.14158,1.41401
12-Aug-21,1.18986,2.08687,2.88967,1.15687,2.1538,1.4229
13-Aug-21,1.14955,2.05079,2.84949,1.14614,2.12912,1.40339
16-Aug-21,1.18234,2.09344,2.91302,1.15951,2.17225,1.4322
17-Aug-21,1.17528,2.09195,2.90671,1.16225,2.17117,1.43181
18-Aug-21,1.17204,2.08923,2.91069,1.16095,2.17322,1.43287
19-Aug-21,1.1636,2.09015,2.91038,1.16599,2.17492,1.43134
20-Aug-21,1.16441,2.09475,2.92653,1.16953,2.18729,1.43894
23-Aug-21,1.17635,2.06467,2.85825,1.12539,2.12642,1.3849
24-Aug-21,1.1173,2.04477,2.84674,1.16554,2.16382,1.38015
25-Aug-21,1.14793,2.09891,2.88768,1.19585,2.19102,1.38881
26-Aug-21,1.1371,2.08448,2.89346,1.18736,2.19434,1.39092
27-Aug-21,1.13983,2.08801,2.89525,1.18932,2.19616,1.39153
30-Aug-21,N/A,N/A,N/A,N/A,N/A,N/A
31-Aug-21,1.14632,2.01049,2.80654,1.13733,2.10651,1.37291
01-Sep-21,1.14487,2.07904,2.8987,1.16497,2.16456,1.38871
02-Sep-21,1.14297,2.07234,2.86833,1.16022,2.13727,1.37006
03-Sep-21,1.16131,2.02524,2.79976,1.14117,2.09781,1.36701
07-Sep-21,1.15989,2.07235,2.81188,1.15034,2.07032,1.33395
08-Sep-21,1.12535,2.03726,2.75534,1.13978,2.0398,1.25173
09-Sep-21,1.09638,1.9948,2.68256,1.11875,1.98098,1.20972
10-Sep-21,1.12786,2.00437,2.64147,1.11005,1.93599,1.16736
13-Sep-21,1.13314,2.01268,2.64643,1.11376,1.93818,1.16911
14-Sep-21,1.09896,1.99653,2.68749,1.1219,1.97676,1.19394
15-Sep-21,1.08553,1.9775,2.64551,1.11569,1.94654,1.17499
16-Sep-21,1.15176,2.06123,2.69437,1.15121,1.9793,1.1938
17-Sep-21,1.25538,2.14797,2.71534,1.14808,1.96597,1.20663
20-Sep-21,1.21651,2.13119,2.76351,1.15415,2.01368,1.23149
21-Sep-21,1.21159,2.12725,2.71322,1.15554,1.98109,1.20936
22-Sep-21,1.21164,2.1023,2.69146,1.13537,1.97143,1.20033
23-Sep-21,1.27896,2.16461,2.72133,1.15463,1.99437,1.21675
24-Sep-21,1.31018,2.18229,2.75624,1.17387,2.0263,1.23396
27-Sep-21,1.37898,2.23661,2.80041,1.19082,2.05313,1.25294
28-Sep-21,1.4487,2.33753,2.88138,1.24444,2.11084,1.29192
29-Sep-21,1.37565,2.22616,2.78242,1.18816,2.04756,1.25246
30-Sep-21,1.42176,2.30456,2.86514,1.23913,2.11126,1.27924
01-Oct-21,1.40268,2.27095,2.83585,1.22307,2.09354,1.26822
04-Oct-21,1.3718,2.2408,2.78994,1.20762,2.05683,1.22649
05-Oct-21,1.37351,2.21327,2.74586,1.18199,2.01837,1.19986
06-Oct-21,1.32111,2.14733,2.72299,1.16265,2.01959,1.20311
07-Oct-21,1.37884,2.21539,2.76033,1.18849,2.03556,1.21006
08-Oct-21,1.39338,2.22023,2.76634,1.19186,2.0434,1.21467
12-Oct-21,1.4496,2.28077,2.81614,1.21219,2.06736,1.2328
13-Oct-21,1.35174,2.1894,2.85859,1.19626,2.15401,1.32957
14-Oct-21,1.45762,2.4083,3.08323,1.31152,2.27672,1.40232
15-Oct-21,1.6408,2.42676,3.08297,1.31546,2.32745,1.4895
18-Oct-21,1.47551,2.43121,3.0977,1.32247,2.34657,1.5314
19-Oct-21,1.61013,2.55492,3.20962,1.40989,2.45137,1.59189
20-Oct-21,1.62891,2.59501,3.17075,1.41875,2.38422,1.54185
21-Oct-21,1.57173,2.45629,3.12056,1.35536,2.43898,1.58648
22-Oct-21,1.75307,2.66941,3.49411,1.47959,2.7311,1.80222
25-Oct-21,1.71479,2.58155,3.41977,1.41421,2.63967,1.74854
26-Oct-21,1.80114,2.61652,3.49976,1.44128,2.72722,1.78653
27-Oct-21,1.84062,2.64233,3.83172,1.57173,3.07845,1.99309
28-Oct-21,2.15186,2.93807,4.15147,1.63953,3.39621,2.32425
29-Oct-21,2.12311,3.06143,4.70062,1.68762,3.72758,2.59931
01-Nov-21,2.07741,2.96699,4.39342,1.63961,3.57279,2.49748
02-Nov-21,2.48042,3.35716,4.67437,1.9856,3.71911,2.41868
03-Nov-21,1.92657,2.84175,3.9906,1.64141,3.16687,2.12685
04-Nov-21,1.91513,2.89441,3.77745,1.64133,2.88026,1.95401
05-Nov-21,1.97381,2.74981,3.90502,1.62973,3.12582,2.12402
08-Nov-21,1.97668,2.75119,3.89836,1.6298,3.12031,2.12033
09-Nov-21,2.00441,2.9322,3.99401,1.88753,3.14934,2.1562
10-Nov-21,2.12078,3.08358,4.42955,1.98121,3.57248,2.42428
12-Nov-21,2.35972,3.25341,4.65863,1.95248,3.82096,2.68021
15-Nov-21,2.28169,3.15248,4.46189,1.87215,3.65386,2.56369
16-Nov-21,2.21823,3.05697,4.26466,1.83751,3.65631,2.58148
17-Nov-21,2.23117,3.06307,4.26578,1.83932,3.66006,2.5836
18-Nov-21,1.98034,2.88533,4.03183,1.81688,3.49463,2.41755
19-Nov-21,1.96276,2.87595,4.03699,1.81638,3.48231,2.41607
22-Nov-21,1.92028,2.81423,3.9478,1.77648,3.43051,2.39663
23-Nov-21,1.93717,2.8308,3.93013,1.7676,3.42497,2.40023
24-Nov-21,1.96444,3.01832,4.09791,1.90209,3.54379,2.42341
26-Nov-21,1.975,3.04232,4.17108,1.91497,3.61426,2.48045
29-Nov-21,1.97995,3.04527,4.17197,1.91538,3.61866,2.48582
30-Nov-21,1.99717,3.17537,4.37315,1.968,3.72306,2.52976
01-Dec-21,2.04291,3.16193,4.3822,1.97337,3.7978,2.61178
02-Dec-21,2.02519,3.15867,4.37035,1.97142,3.76754,2.58845
03-Dec-21,2.04425,3.173,4.42255,1.97521,3.85082,2.64315
06-Dec-21,2.11534,3.2525,4.49705,2.02947,3.92225,2.67889
07-Dec-21,2.02359,3.16025,4.35643,1.97088,3.77883,2.55695
08-Dec-21,1.99381,3.12578,4.28088,1.94759,3.71016,2.51236
09-Dec-21,1.96921,3.04438,4.21734,1.88141,3.64011,2.4651
10-Dec-21,1.87949,2.94389,4.03428,1.81185,3.45555,2.34448
13-Dec-21,1.87348,2.93321,4.01475,1.80559,3.43743,2.32759
14-Dec-21,1.94515,2.955,4.04478,1.80615,3.46596,2.33578
15-Dec-21,1.97055,2.98441,4.07813,1.82463,3.49341,2.35195
16-Dec-21,1.97431,2.99559,4.08725,1.82913,3.49229,2.34747
17-Dec-21,1.91762,2.94379,4.01851,1.78919,3.41965,2.30431
20-Dec-21,1.90208,2.89813,3.94407,1.7684,3.38006,2.28769
21-Dec-21,1.89393,2.88978,3.92012,1.76222,3.36184,2.27864
22-Dec-21,1.96113,3.02139,4.1322,1.83779,3.55208,2.43516
23-Dec-21,1.96464,3.02471,4.12874,1.83798,3.55007,2.43418
24-Dec-21,1.96464,3.02471,4.12874,1.83798,3.55007,2.43418
27-Dec-21,N/A,N/A,N/A,N/A,N/A,N/A
28-Dec-21,N/A,N/A,N/A,N/A,N/A,N/A
29-Dec-21,2.04914,3.18004,4.32143,1.92703,3.7161,2.55757
30-Dec-21,2.01166,3.16765,4.35034,1.91388,3.72212,2.57104
31-Dec-21,2.01382,3.16682,4.35105,1.91325,3.72509,2.57285
03-Jan-22,N/A,N/A,N/A,N/A,N/A,N/A
04-Jan-22,1.85523,2.86111,3.90714,1.74652,3.29032,2.18578
05-Jan-22,1.85842,2.86773,3.90578,1.74763,3.28854,2.18599
06-Jan-22,1.69583,2.68329,3.64942,1.65649,3.08978,2.03856
07-Jan-22,1.6959,2.67536,3.59089,1.65067,3.05146,2.01152
10-Jan-22,1.70167,2.66219,3.56517,1.64384,3.00551,1.94879
11-Jan-22,1.71544,2.6573,3.54486,1.6474,2.99841,1.93459
12-Jan-22,1.68418,2.60165,3.41513,1.61603,2.90259,1.86913
13-Jan-22,1.68977,2.61187,3.46146,1.62552,2.94316,1.9009
14-Jan-22,1.70833,2.64012,3.50128,1.63937,2.97601,1.92665
18-Jan-22,1.72098,2.69699,3.63139,1.63608,3.02628,1.99013
19-Jan-22,1.74811,2.71956,3.65797,1.65038,3.05242,2.00424
20-Jan-22,1.68834,2.65175,3.59821,1.61178,2.99522,1.96511
21-Jan-22,1.68207,2.65698,3.63693,1.61714,3.02437,1.98526
24-Jan-22,1.72992,2.71619,3.63302,1.63686,3.00756,1.96499
25-Jan-22,1.71839,2.71325,3.62407,1.63166,3.00011,1.96472
26-Jan-22,1.72844,2.75338,3.66291,1.65,3.02498,1.98571
27-Jan-22,1.78032,2.78553,3.84174,1.65062,3.10715,2.04548
28-Jan-22,1.83029,2.8191,3.89653,1.67801,3.15492,2.05366
31-Jan-22,1.99724,2.988,4.13889,1.81073,3.35788,2.08677
01-Feb-22,1.99602,3.03287,4.11696,1.82216,3.32881,2.15753
02-Feb-22,1.99701,3.03757,4.13094,1.82869,3.35698,2.1669
03-Feb-22,2.00287,3.06932,4.21171,1.84238,3.40274,2.18064
04-Feb-22,2.17214,3.3127,4.61837,1.9084,3.7938,2.61591
07-Feb-22,2.53447,3.89738,5.32886,2.1997,4.22629,2.79755
08-Feb-22,2.52175,3.8828,5.29053,2.19635,4.21601,2.79718
09-Feb-22,2.45697,3.74269,5.12322,2.19113,4.22605,2.7728
10-Feb-22,2.49196,3.81195,5.22239,2.23177,4.3044,2.82702
11-Feb-22,2.51403,3.83009,5.29068,2.25219,4.3642,2.86146
14-Feb-22,2.6734,4.07109,5.60378,2.38733,4.61262,3.01542
15-Feb-22,2.64423,4.07564,5.58227,2.39571,4.65704,3.07014
16-Feb-22,2.60443,4.01871,5.49541,2.35782,4.58156,3.03386
17-Feb-22,2.59932,4.01776,5.48401,2.35551,4.57519,3.03367
18-Feb-22,2.27052,3.67359,5.16813,2.19388,4.39246,2.90413
22-Feb-22,2.41749,3.91562,5.45095,2.29157,4.53666,2.96304
23-Feb-22,2.38742,3.91902,5.46286,2.27136,4.51528,2.95773
24-Feb-22,2.43872,3.94196,5.59956,2.32352,4.52005,3.0365
25-Feb-22,2.37057,3.81722,5.43724,2.26606,4.40472,2.96607
28-Feb-22,2.39429,3.9258,5.5003,2.28457,4.53052,2.96991
01-Mar-22,2.58554,4.21418,5.88467,2.46729,4.82114,3.12092
02-Mar-22,2.54079,4.1622,5.6342,2.42578,4.64659,2.90025
03-Mar-22,2.64712,4.3538,5.91184,2.52051,4.85841,3.06631
04-Mar-22,2.48228,4.07497,5.52595,2.37937,4.52647,2.82538
07-Mar-22,2.60112,4.27043,5.81269,2.51586,4.85612,3.10413
08-Mar-22,2.6002,4.26814,5.79818,2.52043,4.82185,3.06142
09-Mar-22,2.67415,4.40486,5.95982,2.56713,4.90885,3.09786
10-Mar-22,2.68907,4.42682,6.00928,2.54803,4.98331,3.1352
11-Mar-22,2.6173,4.40209,6.10224,2.55649,5.14935,3.24468
14-Mar-22,2.68246,4.53322,6.19459,2.59678,5.13585,3.20436
15-Mar-22,2.64904,4.47506,6.09606,2.5646,5.02267,3.12396
16-Mar-22,2.69721,4.55949,6.2534,2.61971,5.1727,3.22642
17-Mar-22,2.86328,4.82682,6.45925,2.75552,5.26304,3.27771
18-Mar-22,2.53181,4.31161,5.82925,2.4843,4.81196,3.02022
21-Mar-22,2.35655,4.03744,5.6381,2.32024,4.6588,2.93602
22-Mar-22,2.41898,4.14718,5.78697,2.35708,4.77063,2.97755
23-Mar-22,2.43472,4.18297,5.80982,2.36024,4.74946,2.93947
24-Mar-22,2.43068,4.20549,5.84717,2.34044,4.76385,2.98275
25-Mar-22,2.5039,4.34027,6.03083,2.39954,4.89595,3.06395
28-Mar-22,2.72368,4.72755,6.54651,2.60347,5.27962,3.23975
29-Mar-22,2.87731,4.84304,6.48514,2.76506,5.20413,3.18028
30-Mar-22,2.8891,4.89328,6.5369,2.79157,5.25732,3.18519
31-Mar-22,2.87223,4.88685,6.52375,2.79385,5.27549,3.20317
01-Apr-22,2.84587,4.85954,6.52113,2.77763,5.28771,3.24202
04-Apr-22,2.84559,4.85214,6.47804,2.7597,5.2331,3.19961
05-Apr-22,2.75445,4.71612,6.33119,2.70044,5.1611,3.18101
06-Apr-22,2.88569,4.91477,6.61647,2.79498,5.37373,3.3237
07-Apr-22,2.9071,4.96232,6.67945,2.84355,5.42997,3.3313
08-Apr-22,2.9974,5.09079,6.86529,2.89379,5.56761,3.437
11-Apr-22,2.97865,5.07341,6.85292,2.89652,5.57493,3.44081
12-Apr-22,2.79875,4.81557,6.38632,2.73428,5.27551,3.32019
13-Apr-22,2.74944,4.73639,6.29731,2.68969,5.21148,3.29852
14-Apr-22,2.60338,4.47599,5.99018,2.60143,5.05703,3.20795
18-Apr-22,N/A,N/A,N/A,N/A,N/A,N/A
19-Apr-22,2.78314,4.79389,6.38865,2.72584,5.25161,3.27906
20-Apr-22,2.80321,4.85051,6.46473,2.76322,5.30884,3.2928
21-Apr-22,2.83418,4.84709,6.50245,2.75083,5.31828,3.29846
22-Apr-22,3.04433,5.20262,6.87331,2.93585,5.6437,3.58111
25-Apr-22,3.05076,5.18747,6.87358,2.95247,5.61552,3.53043
26-Apr-22,3.04798,5.18152,6.87786,2.94995,5.62341,3.54229
27-Apr-22,2.96662,5.04831,6.70108,2.87951,5.46668,3.43244
28-Apr-22,2.90029,4.95356,6.60073,2.82219,5.39272,3.42888
29-Apr-22,3.01239,5.04198,6.76387,2.90781,5.4322,3.4359
02-May-22,N/A,N/A,N/A,N/A,N/A,N/A
03-May-22,3.00301,5.03762,6.79979,2.91278,5.48295,3.48847
04-May-22,3.06017,5.14505,6.99917,3.00042,5.70127,3.63911
05-May-22,3.1033,5.20174,7.05047,3.04936,5.7635,3.69347
06-May-22,2.88825,4.87443,6.64527,2.87526,5.49468,3.60201
09-May-22,2.98947,4.99665,6.84726,2.96253,5.66389,3.71128
10-May-22,3.1178,5.15984,6.99734,2.96184,5.69609,3.56631
11-May-22,3.17598,5.23144,7.09831,3.01507,5.7748,3.60639
12-May-22,3.08584,5.13421,6.95072,2.95075,5.63562,3.54601
13-May-22,3.14928,5.1978,6.99352,2.96435,5.61651,3.5346
16-May-22,3.2041,5.2502,7.07141,2.9834,5.64782,3.52943
17-May-22,3.187,5.21689,6.8949,3.04466,5.70047,3.74845
18-May-22,3.10538,5.08153,6.71353,2.96925,5.54097,3.59601
19-May-22,3.03564,4.97694,6.56654,2.88142,5.34196,3.41995
20-May-22,3.03127,5.00167,6.7212,2.90077,5.44521,3.52289
23-May-22,2.86332,4.75271,6.39606,2.7572,5.18304,3.33366
24-May-22,2.72593,4.52037,6.10723,2.59508,4.90358,3.14661
25-May-22,2.73478,4.52068,6.10614,2.60182,4.86326,3.14652
26-May-22,2.66417,4.38073,5.92434,2.53417,4.70641,3.03048
27-May-22,2.71511,4.4541,6.01493,2.55712,4.74632,3.04608
31-May-22,2.72519,4.47765,5.99505,2.56834,4.80616,3.08281
01-Jun-22,2.83277,4.63925,6.15777,2.64938,4.9067,3.11574
02-Jun-22,N/A,N/A,N/A,N/A,N/A,N/A
03-Jun-22,N/A,N/A,N/A,N/A,N/A,N/A
06-Jun-22,2.60875,4.30838,5.85499,2.51564,4.79305,3.11327
07-Jun-22,2.82243,4.57468,6.1626,2.6149,4.92938,3.14405
08-Jun-22,2.79375,4.46967,5.90918,2.55643,4.73205,3.02214
09-Jun-22,2.88484,4.64654,6.16219,2.61041,4.86929,3.11035
10-Jun-22,2.99874,4.88984,6.49083,2.71241,5.0697,3.19565
13-Jun-22,3.09573,5.09747,6.86367,2.80952,5.34276,3.35692
14-Jun-22,3.10297,5.0067,6.77196,2.8722,5.45399,3.50432
15-Jun-22,3.33749,5.43088,7.12781,3.11276,5.76615,3.64507
16-Jun-22,3.85948,6.34083,8.43581,3.64275,6.8147,4.3245
17-Jun-22,3.68197,6.05548,7.98428,3.46369,6.42559,4.07122
21-Jun-22,3.47324,5.72317,7.82454,3.29138,6.41909,4.01996
22-Jun-22,3.4479,5.68441,7.75739,3.2881,6.38618,3.98243
23-Jun-22,3.30859,5.46196,7.50459,3.20902,6.28082,3.94408
24-Jun-22,3.38601,5.55044,7.60486,3.13953,6.15995,3.79054
27-Jun-22,3.41453,5.62043,7.73415,3.20148,6.33687,3.97996
28-Jun-22,3.30687,5.49297,7.61351,3.15599,6.28365,3.96967
29-Jun-22,3.39976,5.64538,7.79228,3.2501,6.42774,4.0391
30-Jun-22,3.38393,5.5897,7.73998,3.20964,6.46395,4.10176
01-Jul-22,3.29748,5.47229,7.59804,3.19409,6.4174,4.01615
05-Jul-22,3.49498,5.81102,7.9496,3.35404,6.65674,4.19106
06-Jul-22,3.45219,5.74113,7.85942,3.29391,6.54934,4.12773
07-Jul-22,3.50864,5.81761,7.96728,3.34599,6.66381,4.21624
08-Jul-22,3.61542,5.98842,8.19666,3.42799,6.83542,4.33932
11-Jul-22,3.50716,5.82152,7.98381,3.40746,6.79391,4.31438
12-Jul-22,3.50436,5.82672,8.00174,3.40598,6.80662,4.33969
13-Jul-22,3.47994,5.76304,7.99972,3.32875,6.72148,4.21502
14-Jul-22,3.54094,5.87808,8.08802,3.39481,6.80153,4.26199
15-Jul-22,3.62453,5.99874,8.26204,3.4805,6.98411,4.39723
18-Jul-22,3.60999,5.99368,8.24586,3.48315,6.95021,4.33489
19-Jul-22,3.5378,5.84448,8.1303,3.44903,6.98038,4.47659
20-Jul-22,3.44778,5.70186,7.92428,3.36128,6.78429,4.33251
21-Jul-22,3.47372,5.75542,7.99224,3.39662,6.82617,4.3236
22-Jul-22,3.34983,5.52166,7.71026,3.19229,6.42117,4.07905
25-Jul-22,3.17149,5.23371,7.32691,3.05304,6.14277,3.89568
26-Jul-22,3.0422,5.0259,7.07722,2.95719,5.97414,3.76823
27-Jul-22,3.06085,5.05339,7.09249,2.98801,6.00966,3.77781
28-Jul-22,2.98063,4.90169,6.89271,2.9056,5.86671,3.70325
29-Jul-22,2.88601,4.76299,6.89541,2.70146,5.61563,3.64009
01-Aug-22,2.82283,4.64328,6.70387,2.67468,5.53948,3.59343
02-Aug-22,2.87118,4.75445,6.86983,2.80251,5.73948,3.65525
03-Aug-22,2.92789,4.86217,7.04827,2.85089,5.88159,3.7745
04-Aug-22,2.91636,4.83006,6.95916,2.81519,5.79127,3.72555
05-Aug-22,2.90826,4.83066,6.98676,2.82231,5.81698,3.73828
08-Aug-22,2.92474,4.87117,7.02034,2.82733,5.81367,3.74625
09-Aug-22,2.87444,4.78558,6.90734,2.79694,5.7531,3.70346
10-Aug-22,2.80886,4.67742,6.73534,2.71504,5.58091,3.59976
11-Aug-22,2.81399,4.66739,6.71683,2.70016,5.56051,3.59234
12-Aug-22,2.62338,4.36589,6.50402,2.54967,5.37098,3.41028
15-Aug-22,2.59507,4.32551,6.41176,2.51476,5.28264,3.36202
16-Aug-22,2.58415,4.28797,6.38434,2.49186,5.26802,3.36168
17-Aug-22,2.70315,4.49903,6.633,2.52218,5.3217,3.40665
18-Aug-22,2.76005,4.61756,6.7394,2.61243,5.54788,3.67133
19-Aug-22,2.78198,4.68997,6.85381,2.74157,5.70101,3.6542
22-Aug-22,3.04427,5.1563,7.58489,3.00277,6.27423,4.01123
23-Aug-22,2.86739,4.83168,7.1983,2.85521,5.89407,3.79502
24-Aug-22,2.94605,4.93465,7.44335,2.93332,6.15042,3.99493
25-Aug-22,2.87546,4.86181,7.23697,2.90044,5.99237,3.86273
26-Aug-22,2.90232,4.91284,7.29033,2.92009,6.01327,3.86515
29-Aug-22,2.90232,4.91284,7.29033,2.92009,6.01327,3.86515
30-Aug-22,3.36017,5.69663,8.41861,3.33034,6.94424,4.39749
31-Aug-22,3.08088,5.1518,7.84633,3.05879,6.33665,3.98133
01-Sep-22,3.10485,5.19324,7.85635,3.10577,6.47277,4.13946
02-Sep-22,3.10076,5.18578,7.84381,3.10184,6.46236,4.13158
06-Sep-22,3.16326,5.3276,8.01221,3.19799,6.68066,4.26778
07-Sep-22,3.04068,5.1016,7.72408,3.05584,6.48977,4.24113
08-Sep-22,3.01479,5.0584,7.7006,3.03693,6.53848,4.37052
09-Sep-22,2.91244,4.85094,7.37099,2.86263,6.16941,4.0536
12-Sep-22,2.93786,4.89713,7.39294,2.88038,6.16216,4.02924
13-Sep-22,2.93254,4.89796,7.4015,2.88116,6.21874,4.16026
14-Sep-22,2.97411,4.99131,7.54435,2.92503,6.30341,4.20083
15-Sep-22,3.10051,5.20376,7.84678,3.01312,6.47164,4.28316
16-Sep-22,3.0214,5.10259,7.73358,2.91861,6.30628,4.2038
19-Sep-22,N/A,N/A,N/A,N/A,N/A,N/A
20-Sep-22,3.11187,5.26353,7.99729,3.01904,6.51947,4.32522
21-Sep-22,3.18092,5.41772,8.26402,3.08927,6.68235,4.4095
22-Sep-22,3.29681,5.52371,8.26932,3.3393,7.13495,4.75043
23-Sep-22,3.39041,5.74154,8.70116,3.46187,7.45451,4.90171
26-Sep-22,3.52715,5.85782,8.8457,3.48328,7.52763,5.06541
27-Sep-22,3.89909,6.45862,9.73131,3.82504,8.26406,5.54768
28-Sep-22,4.0174,6.7156,9.85949,3.96377,8.50082,5.6595
29-Sep-22,4.09841,6.80209,10.01065,4.12462,8.99132,6.13402
30-Sep-22,4.18247,6.90007,10.32167,4.23401,9.00252,5.96724
03-Oct-22,4.18294,6.9009,10.3275,4.23518,8.99463,5.94034
04-Oct-22,4.10189,6.78055,10.16497,4.14296,8.76855,5.73941
05-Oct-22,3.97429,6.52885,9.74963,4.05525,8.54257,5.61256
06-Oct-22,3.89976,6.41968,9.6127,3.93797,8.34105,5.52456
07-Oct-22,3.88649,6.32479,9.60113,3.95433,8.19618,5.38183
11-Oct-22,4.07584,6.65538,10.01276,4.16141,8.56998,5.65699
12-Oct-22,4.07567,6.68867,10.04096,4.18017,8.54248,5.60072
13-Oct-22,3.98001,6.46901,9.60351,3.97258,7.84393,5.17801
14-Oct-22,3.93046,6.39611,9.49592,3.94578,7.77718,5.1108
17-Oct-22,3.8343,6.264,9.27998,3.88462,7.66055,5.08987
18-Oct-22,3.79586,6.19631,9.18555,3.85404,7.60483,5.04964
19-Oct-22,3.77408,6.26387,9.24338,3.7959,7.58607,4.98062
20-Oct-22,3.75804,6.21083,9.08845,3.76867,7.49517,4.94879
21-Oct-22,3.72439,6.15084,9.00351,3.74444,7.45409,4.94383
24-Oct-22,3.75634,6.18086,9.00032,3.7765,7.5114,5.00235
25-Oct-22,3.70881,6.1468,8.85435,3.76638,7.42357,4.95945
26-Oct-22,3.58832,5.96762,8.80184,3.62971,7.27261,4.7997
27-Oct-22,3.54002,5.91681,8.86982,3.55936,7.27555,4.79571
28-Oct-22,3.47302,5.87279,8.74363,3.52751,7.14848,4.7264
31-Oct-22,3.36677,5.63927,8.49073,3.40138,6.95085,4.62183
01-Nov-22,3.35717,5.61572,8.46012,3.38858,6.93131,4.6125
02-Nov-22,3.34166,5.60228,8.43443,3.37064,6.87679,4.56219
03-Nov-22,3.34139,5.58777,8.43659,3.33562,6.81735,4.51189
04-Nov-22,3.34631,5.57767,8.31646,3.39303,6.8073,4.49547
07-Nov-22,3.38199,5.60826,8.3247,3.39036,6.78395,4.47589
08-Nov-22,3.24555,5.38942,8.00156,3.24989,6.49402,4.26984
09-Nov-22,3.19236,5.27771,7.8316,3.18009,6.35042,4.15907
10-Nov-22,3.22326,5.27614,7.77951,3.15603,6.28786,4.11995
14-Nov-22,3.09851,5.17557,7.77242,3.10051,6.38612,4.24588
15-Nov-22,3.04062,5.08791,7.63377,3.04642,6.26925,4.16699
16-Nov-22,3.05762,5.12,7.6247,3.05919,6.24718,4.1418
17-Nov-22,3.05953,5.13374,7.68654,2.98184,6.1205,4.20096
18-Nov-22,2.9661,4.96823,7.50059,3.01455,6.17229,4.09009
21-Nov-22,2.94603,4.9418,7.44874,2.99828,6.12477,4.0559
22-Nov-22,2.87419,4.85124,7.28493,2.90075,6.10728,4.12304
23-Nov-22,2.92183,4.96,7.40883,2.95989,6.17835,4.13429
25-Nov-22,3.04701,5.16276,7.69726,3.07973,6.58937,4.45855
28-Nov-22,3.04675,5.16856,7.71387,3.08636,6.6169,4.49509
29-Nov-22,3.0293,5.13959,7.66407,3.07112,6.57816,4.4774
30-Nov-22,2.92726,4.93623,7.44214,2.93903,6.35866,4.24426
01-Dec-22,2.93376,4.92542,7.41548,2.92693,6.32751,4.22911
02-Dec-22,2.85136,4.80865,7.24258,2.85789,6.18914,4.15786
05-Dec-22,2.86795,4.8407,7.306,2.87894,6.24871,4.19421
06-Dec-22,2.8714,4.84553,7.3067,2.88069,6.24653,4.18942
07-Dec-22,2.86408,4.84143,7.31496,2.87093,6.22903,4.17341
08-Dec-22,2.84558,4.81665,7.29969,2.8645,6.23439,4.18813
09-Dec-22,2.77363,4.71122,7.17737,2.79368,6.10099,4.10132
12-Dec-22,2.79385,4.7542,7.25015,2.83035,6.17684,4.13046
13-Dec-22,2.6951,4.57177,6.98495,2.72129,5.934,3.93006
14-Dec-22,2.69469,4.55821,6.94511,2.70729,5.89559,3.90741
15-Dec-22,2.76069,4.65547,7.17313,2.78247,6.08499,3.95274
16-Dec-22,2.90699,4.90008,7.27429,2.91092,6.22496,4.19965
19-Dec-22,3.06201,5.11094,7.55959,3.02483,6.43817,4.30512
20-Dec-22,2.98607,5.03715,7.45993,2.99783,6.40865,4.32379
21-Dec-22,2.99204,5.05714,7.47361,3.00401,6.41424,4.33963
22-Dec-22,2.95683,5.03703,7.43195,3.00735,6.41731,4.37184
23-Dec-22,2.94964,5.04318,7.43231,3.0115,6.42738,4.40604
27-Dec-22,2.94964,5.04318,7.43231,3.0115,6.42738,4.40604
28-Dec-22,2.92822,5.00584,7.39272,2.99716,6.4168,4.41261
29-Dec-22,2.94765,4.97098,7.48924,2.9929,6.46347,4.4155
30-Dec-22,2.93925,4.95947,7.48121,2.9904,6.46698,4.42227
03-Jan-23,2.94442,4.93199,7.40975,2.94608,6.35839,4.34986
04-Jan-23,2.89358,4.85557,7.2453,2.89575,6.2271,4.29246
05-Jan-23,2.88808,4.85259,7.2303,2.89707,6.2192,4.28272
06-Jan-23,2.74767,4.64288,6.87822,2.75908,5.97047,4.14905
09-Jan-23,2.71274,4.5619,6.77754,2.71148,5.88667,4.08198
10-Jan-23,2.60404,4.39418,6.56502,2.6189,5.59327,3.81305
