"Date","Euro 6M Expiry 2Y Payer Swap Implied BP Vol","Euro 6M Expiry 5Y Payer Swap Implied BP Vol","Euro 6M Expiry 10Y Payer Swap Implied BP Vol","Euro 6M Expiry 30Y Payer Swap Implied BP Vol"
10-Jan-18,18.5322,34.1598,40.2099,44.5149
11-Jan-18,21.4432,36.4551,41.3281,45.8363
12-Jan-18,20.8968,35.7398,41.0308,45.0387
16-Jan-18,20.6349,35.0702,40.4572,44.3547
17-Jan-18,20.6466,35.0041,40.3688,44.1958
18-Jan-18,20.6631,35.2829,40.68,44.52441
19-Jan-18,20.6949,35.2905,40.6347,44.4481
22-Jan-18,20.4789,35.009,40.3501,44.061
23-Jan-18,20.4212,34.7761,40.0301,43.543
24-Jan-18,20.4041,34.9704,40.1282,43.6736
25-Jan-18,21.3084,36.1713,40.6488,43.8263
26-Jan-18,20.4681,35.7883,40.3651,43.1934
29-Jan-18,21.6351,37.6582,42.0145,44.6229
30-Jan-18,21.1796,37.0175,41.7419,43.5926
31-Jan-18,21.237,37.136,41.8394,43.5633
01-Feb-18,21.1536,38.2458,43.2738,44.8453
02-Feb-18,21.4522,40.1119,45.6139,46.5598
05-Feb-18,21.1579,39.1777,45.9656,46.4356
06-Feb-18,21.2848,39.5556,47.9184,48.2856
07-Feb-18,21.2269,38.8919,47.2866,47.6916
08-Feb-18,21.6252,39.6632,48.8095,48.7944
09-Feb-18,21.5301,39.1656,48.4998,48.2446
12-Feb-18,21.5863,39.0919,48.9546,48.0906
13-Feb-18,20.8786,38.1455,48.3457,47.0855
14-Feb-18,20.7244,37.9509,47.568,45.7704
15-Feb-18,20.7566,38.5651,47.981,46.1292
16-Feb-18,20.5381,38.0728,46.9494,45.3392
20-Feb-18,21.0855,38.9107,46.8329,45.8142
21-Feb-18,20.6986,38.3888,45.9322,45.1273
22-Feb-18,20.6527,37.9332,45.2276,44.4542
23-Feb-18,20.7429,38.181,45.4199,44.6383
26-Feb-18,20.5902,37.8981,45.1364,44.37251
27-Feb-18,20.4834,38.0303,44.4782,43.772
28-Feb-18,20.7122,38.16436,44.51742,43.73298
01-Mar-18,20.4399,37.825,44.394,43.571
02-Mar-18,20.1066,37.2904,43.7449,42.9878
05-Mar-18,19.977,36.4242,42.7534,42.0009
06-Mar-18,20.4636,37.3091,43.9416,43.1354
07-Mar-18,20.1483,36.5192,43.222,42.3922
08-Mar-18,19.6126,36.0529,42.2804,41.5334
09-Mar-18,19.2836,35.3899,41.7442,40.9888
12-Mar-18,19.0183,34.891,41.2213,40.4264
13-Mar-18,18.9104,34.6039,40.8091,39.9542
14-Mar-18,19.0174,34.6993,41.0431,40.3764
15-Mar-18,19.0314,34.6937,41.0161,40.3937
16-Mar-18,19.162,34.8751,41.2428,40.4733
19-Mar-18,19.2053,34.9992,41.2103,40.4668
20-Mar-18,19.1516,34.8113,41.1437,40.3711
21-Mar-18,19.1283,34.7463,41.0889,40.1233
22-Mar-18,19.3246,34.8633,41.2145,40.2672
23-Mar-18,19.477,34.9899,41.387,40.405
26-Mar-18,19.3782,34.7843,41.1355,40.2161
27-Mar-18,19.4446,34.7865,41.1331,40.2281
28-Mar-18,19.4722,35.0062,41.4559,40.5414
29-Mar-18,19.98637,34.95514,41.25423,40.26927
02-Apr-18,N/A,N/A,N/A,N/A
03-Apr-18,19.4412,34.8132,41.043,40.1078
04-Apr-18,19.2692,34.3627,40.6522,39.771
05-Apr-18,19.371,34.8383,41.1892,40.1541
06-Apr-18,19.0629,34.5467,41.0438,39.9581
09-Apr-18,18.7466,34.3124,40.6994,39.6981
10-Apr-18,18.9277,34.5439,40.577,39.702
11-Apr-18,18.9095,34.5044,40.3437,39.4965
12-Apr-18,18.8933,34.5741,40.2286,39.3329
13-Apr-18,18.8873,34.5716,40.1402,39.2032
16-Apr-18,18.8525,34.5611,40.1687,39.2201
17-Apr-18,18.75,34.0939,39.8287,38.8705
18-Apr-18,18.4654,33.3,39.1216,38.2082
19-Apr-18,18.5731,34.0243,39.7863,38.829
20-Apr-18,18.2676,33.6347,39.4911,38.5253
23-Apr-18,18.4047,34.0293,39.7841,38.7068
24-Apr-18,18.2722,33.8563,39.6071,38.5589
25-Apr-18,18.3949,33.8816,39.5923,38.6456
26-Apr-18,18.1347,33.3708,39.0568,38.0713
27-Apr-18,17.8226,32.9897,38.5861,37.6127
30-Apr-18,17.38298,32.55276,38.09254,37.12814
01-May-18,N/A,N/A,N/A,N/A
02-May-18,17.6106,32.4433,37.9996,37.0761
03-May-18,17.4775,32.5383,38.0182,37.2876
04-May-18,17.2754,31.8939,37.2003,36.4711
07-May-18,N/A,N/A,N/A,N/A
08-May-18,17.0574,31.2878,36.4555,35.4583
09-May-18,17.1746,30.9924,36.1839,35.1554
10-May-18,17.9686,31.756,36.4463,35.4719
11-May-18,17.9645,31.6653,36.3351,35.3033
14-May-18,18.0999,32.3255,37.0802,36.097
15-May-18,18.8571,34.3213,38.6968,37.8839
16-May-18,19.0938,34.6184,39.261,38.5243
17-May-18,19.3373,34.7923,39.6184,38.8566
18-May-18,19.5762,34.5849,39.4234,38.8088
21-May-18,19.3759,34.241,39.0317,38.2585
22-May-18,19.4819,34.6324,39.2491,38.4208
23-May-18,19.4702,34.6385,39.3562,38.4959
24-May-18,19.549,35.03,39.8323,38.8864
25-May-18,21.0777,36.7765,41.427,40.4735
29-May-18,23.0616,39.7999,44.2882,43.4402
30-May-18,23.3883,40.6857,45.2226,44.2932
31-May-18,22.5441,40.0788,44.5302,43.3157
01-Jun-18,20.5239,37.1031,41.824,40.5732
04-Jun-18,20.6319,36.5171,41.1777,39.8399
05-Jun-18,20.5287,36.5842,40.9336,39.6324
06-Jun-18,22.1639,39.6472,43.1614,41.5373
07-Jun-18,22.4668,39.9474,43.5076,41.3426
08-Jun-18,22.9797,40.5299,44.2697,41.4712
11-Jun-18,22.7752,40.637,44.2409,41.4643
12-Jun-18,22.7489,39.8228,43.5678,40.8157
13-Jun-18,22.4439,39.113,42.7289,39.8774
14-Jun-18,18.6527,34.3704,38.3068,35.8102
15-Jun-18,18.5712,34.2769,38.5851,35.8431
18-Jun-18,18.3065,33.7272,38.2698,35.6083
19-Jun-18,18.4227,33.461,38.1267,35.5426
20-Jun-18,18.0949,33.5382,38.2593,35.634
21-Jun-18,18.4587,34.1513,38.922,36.2555
22-Jun-18,18.2241,34.1045,38.7629,36.0699
25-Jun-18,18.1803,34.2135,38.7924,36.0575
26-Jun-18,18.6698,34.8856,39.4296,36.6512
27-Jun-18,18.8727,35.1555,39.8166,36.9929
28-Jun-18,18.8679,35.671,40.2239,37.5639
29-Jun-18,19.4986,36.31852,40.9225,38.23711
02-Jul-18,19.0672,35.649,40.176,38.1804
03-Jul-18,18.9088,35.1734,39.6349,37.7439
05-Jul-18,19.026,35.3238,39.9728,38.0871
06-Jul-18,18.8584,34.7713,39.5678,37.6651
09-Jul-18,18.5552,34.7285,39.3748,37.5197
10-Jul-18,18.7123,34.5751,39.3364,37.4987
11-Jul-18,18.6505,34.2582,39.1007,37.2527
12-Jul-18,18.6637,34.1744,39.0059,37.2248
13-Jul-18,18.3872,33.658,38.4083,36.7483
16-Jul-18,18.6407,33.9056,38.694,36.9264
17-Jul-18,18.5378,33.5362,38.2838,36.484
18-Jul-18,18.0538,32.9395,37.702,36.005
19-Jul-18,18.2066,33.05,37.5811,35.9405
20-Jul-18,18.2426,32.9613,37.6883,35.9712
23-Jul-18,18.0852,33.1334,37.7964,36.0904
24-Jul-18,18.1142,33.1887,37.8854,36.1987
25-Jul-18,18.2913,33.006,37.362,35.6822
26-Jul-18,18.331,32.6929,36.8605,35.2125
27-Jul-18,18.4261,32.8401,36.9823,35.482
30-Jul-18,18.1222,32.8838,37.0686,35.5802
31-Jul-18,18.3499,32.9816,37.0304,35.4805
01-Aug-18,18.2759,33.2002,37.6925,36.0975
02-Aug-18,18.4138,33.2481,37.9085,36.4146
03-Aug-18,18.0154,32.9024,37.5811,36.1206
06-Aug-18,18.0687,32.6247,37.3019,35.8396
07-Aug-18,18.0307,32.4622,37.1167,35.6095
08-Aug-18,18.1277,32.6764,37.3579,35.7652
09-Aug-18,18.1531,32.6972,37.4041,35.8537
10-Aug-18,18.9038,33.2402,38.1488,36.4992
13-Aug-18,18.4293,33.0343,37.811,36.1634
14-Aug-18,18.5455,33.2332,38.0234,36.3647
15-Aug-18,18.5386,33.2168,38.0034,36.3731
16-Aug-18,18.5016,33.0268,37.782,36.0212
17-Aug-18,18.4464,33.1967,37.8793,35.9355
20-Aug-18,18.5259,32.9878,37.8376,35.8496
21-Aug-18,18.5403,33.1129,37.9773,35.8957
22-Aug-18,18.6267,33.2714,38.2514,36.1363
23-Aug-18,18.8523,33.3886,38.2609,36.0982
24-Aug-18,18.809,33.0219,37.8534,35.6592
27-Aug-18,N/A,N/A,N/A,N/A
28-Aug-18,19.0763,33.3154,38.1353,35.9498
29-Aug-18,19.4306,33.6046,38.3146,36.1354
30-Aug-18,19.9322,33.8428,38.499,36.2479
31-Aug-18,20.3289,34.5529,38.6193,36.5755
04-Sep-18,20.0292,34.4401,38.5779,36.3861
05-Sep-18,19.7427,33.9336,38.0741,35.4077
06-Sep-18,19.6539,33.4794,37.6666,35.0407
07-Sep-18,19.5886,33.2751,37.4398,34.7442
10-Sep-18,19.6552,33.7236,37.5836,34.8915
11-Sep-18,19.7278,33.7855,37.6692,34.8979
12-Sep-18,19.6474,33.3826,37.2068,34.5236
13-Sep-18,17.9011,32.5409,36.6816,33.9605
14-Sep-18,18.3861,32.6532,36.8369,33.6081
17-Sep-18,18.3829,32.7645,36.9117,33.6034
18-Sep-18,18.6911,32.9385,37.1196,33.6545
19-Sep-18,18.7816,33.3923,37.3961,33.9808
20-Sep-18,19.0924,33.4661,37.3145,33.9734
21-Sep-18,19.5379,33.6454,37.2335,33.8046
24-Sep-18,20.2743,35.1308,38.1011,34.2681
25-Sep-18,21.0102,36.3774,38.6222,34.5354
26-Sep-18,20.8117,36.2852,38.4768,34.344
27-Sep-18,20.726,35.896,38.1077,33.831
28-Sep-18,20.75343,35.38612,38.08594,33.92687
01-Oct-18,20.7169,35.8304,38.3168,34.0336
02-Oct-18,20.658,35.9289,38.1185,33.5845
03-Oct-18,20.6478,35.8225,38.2797,33.5259
04-Oct-18,21.9126,37.2309,39.5949,34.3124
05-Oct-18,21.9794,36.836,39.2269,33.9892
09-Oct-18,21.9919,37.786,40.2664,34.8018
10-Oct-18,22.4487,37.8005,40.3976,34.9115
11-Oct-18,21.8839,37.5499,40.3491,34.6716
12-Oct-18,22.0392,37.4112,40.2374,34.8829
15-Oct-18,22.0123,37.0585,40.0673,34.7701
16-Oct-18,21.9994,36.833,39.9153,34.1284
17-Oct-18,21.5075,36.5499,39.6101,34.2133
18-Oct-18,21.4497,36.9542,40.0804,34.6473
19-Oct-18,22.3042,37.8373,40.9407,35.3671
22-Oct-18,22.6409,38.0925,40.936,35.2522
23-Oct-18,22.4566,38.1971,41.3021,35.7496
24-Oct-18,22.4566,38.3392,41.3505,35.7784
25-Oct-18,22.1455,37.7993,40.8727,35.3462
26-Oct-18,22.3092,38.4108,41.5686,36.0583
29-Oct-18,22.2547,38.6997,41.9658,36.4283
30-Oct-18,22.2345,38.4539,41.8382,36.3095
31-Oct-18,22.2896,38.3612,41.7654,36.2813
01-Nov-18,22.1238,38.6396,41.7812,36.384
02-Nov-18,22.1699,38.2719,41.502,36.1294
05-Nov-18,21.8987,37.8712,41.1286,35.9786
06-Nov-18,22.374,37.7638,40.734,35.5925
07-Nov-18,21.6808,36.7483,39.6483,34.6075
08-Nov-18,21.8623,36.9108,39.6845,34.6148
09-Nov-18,21.7736,36.423,39.1007,34.1603
13-Nov-18,21.7019,36.2932,38.9525,33.9579
14-Nov-18,21.7,36.2035,39.047,34.1139
15-Nov-18,21.8088,36.8129,39.794,34.8383
16-Nov-18,21.7331,36.4071,39.2717,34.4467
19-Nov-18,21.666,36.271,39.1249,34.2967
20-Nov-18,21.7251,36.453,39.2021,34.3832
21-Nov-18,21.8456,36.3634,38.9602,34.0979
23-Nov-18,21.8154,36.3847,38.9687,34.1246
26-Nov-18,21.7568,36.5941,38.8455,34.1074
27-Nov-18,21.6862,36.5881,38.7599,34.0463
28-Nov-18,21.2068,36.1862,38.3436,33.7921
29-Nov-18,21.1986,36.3229,38.3815,33.8212
30-Nov-18,20.49347,36.21003,38.21708,33.87814
03-Dec-18,20.801,35.9778,38.3505,33.8204
04-Dec-18,20.7393,35.841,37.9878,33.4832
06-Dec-18,21.0122,36.8731,39.2399,35.5632
07-Dec-18,20.8931,37.0098,39.4742,36.3304
10-Dec-18,20.7221,37.2087,39.8927,37.2233
11-Dec-18,21.3518,37.2833,39.9265,37.5001
12-Dec-18,21.3261,37.212,39.8525,37.4414
13-Dec-18,20.4257,35.7638,38.2302,35.8695
14-Dec-18,20.3452,35.2802,37.6732,35.3366
17-Dec-18,20.1403,34.87644,37.25025,34.85514
18-Dec-18,19.64776,35.06736,37.71351,35.08295
19-Dec-18,19.69817,35.13767,37.97037,35.34222
20-Dec-18,19.59615,35.33681,38.50761,36.04438
21-Dec-18,19.50631,35.17414,38.57114,36.23755
24-Dec-18,N/A,N/A,N/A,N/A
26-Dec-18,N/A,N/A,N/A,N/A
27-Dec-18,19.82305,34.84965,38.20278,36.53524
28-Dec-18,19.37967,34.83557,38.55235,36.81603
31-Dec-18,N/A,N/A,N/A,N/A
02-Jan-19,19.8629,36.09096,39.80265,37.87242
03-Jan-19,19.42759,35.55515,39.70671,37.79396
04-Jan-19,19.41632,35.2234,39.64868,38.41323
07-Jan-19,19.38153,35.09515,39.42005,38.18861
08-Jan-19,19.19357,34.27107,38.66894,37.35024
09-Jan-19,19.28102,33.63275,37.59563,36.27921
10-Jan-19,19.16267,33.00702,36.54048,34.86124
11-Jan-19,18.72545,32.17717,35.49361,33.74853
14-Jan-19,18.64263,32.00621,35.43382,33.58126
15-Jan-19,18.41225,31.29295,34.96098,32.76227
16-Jan-19,17.89451,30.99792,35.15103,32.86829
17-Jan-19,18.22441,31.57503,35.68503,33.08548
18-Jan-19,18.31541,31.80528,35.7642,33.15644
22-Jan-19,18.48586,32.03414,35.77499,33.05838
23-Jan-19,18.69777,31.93103,35.49558,32.62831
24-Jan-19,18.00221,31.08663,34.75756,31.859
25-Jan-19,18.19444,31.51815,35.24022,33.6952
28-Jan-19,18.05223,31.54631,35.13067,33.64698
29-Jan-19,18.08767,31.72741,35.16564,33.68103
30-Jan-19,17.99955,31.60643,35.24814,33.93401
31-Jan-19,18.05948,32.12543,35.58526,34.33875
01-Feb-19,18.3034,31.70587,35.55719,34.78689
04-Feb-19,18.103,31.5693,35.36398,34.21425
05-Feb-19,18.22091,31.69856,35.42826,34.24267
06-Feb-19,18.31288,31.84206,35.5335,34.34642
07-Feb-19,18.28265,31.81839,36.13676,35.41514
08-Feb-19,17.88898,31.69684,36.16125,35.83585
11-Feb-19,17.91776,31.50019,36.23728,35.93614
12-Feb-19,17.93883,31.34006,36.16723,36.08308
13-Feb-19,17.82886,31.50884,36.3573,36.47897
14-Feb-19,17.44438,31.01549,36.02279,36.19357
15-Feb-19,17.08072,30.39387,35.58073,35.91179
19-Feb-19,16.76957,29.80416,35.58857,36.57595
20-Feb-19,16.16215,28.8987,34.9683,35.90809
21-Feb-19,16.20803,28.88929,35.07086,35.62577
22-Feb-19,16.17269,28.73754,34.89339,35.1289
25-Feb-19,16.35367,28.90892,34.5898,34.85977
26-Feb-19,16.34532,28.67816,34.3465,34.43979
27-Feb-19,16.5167,29.25773,35.0203,34.57113
28-Feb-19,16.70123,30.3585,35.7939,34.85229
01-Mar-19,17.0372,30.58277,35.71104,35.138
04-Mar-19,16.41495,29.68826,34.78533,34.14324
05-Mar-19,16.28691,29.57886,34.64894,33.91051
06-Mar-19,16.03256,29.2942,34.4462,33.69081
07-Mar-19,14.67836,28.31138,33.42891,32.61047
08-Mar-19,14.34397,27.56452,34.15406,33.57994
11-Mar-19,14.20983,27.08277,33.63066,33.22421
12-Mar-19,14.02929,27.17307,33.96346,34.2002
13-Mar-19,13.94151,27.01559,34.19848,34.49617
14-Mar-19,13.67572,26.50908,34.30088,34.43139
15-Mar-19,13.58721,26.44022,34.48271,35.07166
18-Mar-19,13.50449,26.23924,34.21629,34.68175
19-Mar-19,13.42516,26.34957,34.42267,34.97867
20-Mar-19,13.40673,26.39484,34.38371,34.60143
21-Mar-19,13.38556,26.8972,35.15411,35.37969
22-Mar-19,13.44715,28.09622,37.04415,38.12788
25-Mar-19,13.39988,27.91546,37.1015,38.56801
26-Mar-19,13.24318,27.9674,37.46052,39.517
27-Mar-19,17.68927,31.27882,38.79779,42.31541
28-Mar-19,16.52109,30.52761,38.13306,41.82658
29-Mar-19,15.23718,30.01799,37.62713,40.90028
01-Apr-19,15.94079,30.04179,37.52043,40.97726
02-Apr-19,16.29869,29.97181,37.51275,41.12428
03-Apr-19,16.59258,30.32328,38.14412,41.82896
04-Apr-19,16.61118,30.00955,38.23102,41.80761
05-Apr-19,16.69291,29.84907,37.84106,41.07316
08-Apr-19,16.73229,29.85827,37.72909,40.96897
09-Apr-19,16.70123,29.50382,37.53544,40.8807
10-Apr-19,17.13162,29.27131,36.82483,39.6999
11-Apr-19,16.36953,27.97318,35.01856,37.7652
12-Apr-19,16.50224,27.99923,35.27385,37.75949
15-Apr-19,16.49089,27.96923,35.24982,37.72983
16-Apr-19,16.05519,27.73425,35.41828,38.15353
17-Apr-19,16.03435,28.08464,36.01813,38.71689
18-Apr-19,16.41617,28.41829,36.8957,38.69537
22-Apr-19,N/A,N/A,N/A,N/A
23-Apr-19,16.31905,28.33841,36.57718,37.91161
24-Apr-19,16.60135,28.78368,37.28702,38.52748
25-Apr-19,16.65059,29.04365,37.50962,38.73323
26-Apr-19,16.39945,28.44177,36.76245,37.92659
29-Apr-19,16.37978,28.40025,36.63564,37.81254
30-Apr-19,16.87168,29.09391,37.02818,37.8906
01-May-19,N/A,N/A,N/A,N/A
02-May-19,16.4753,28.93711,37.0663,38.19862
03-May-19,16.41906,28.6367,36.66534,37.72528
06-May-19,N/A,N/A,N/A,N/A
07-May-19,16.37424,28.58146,36.63362,37.56423
08-May-19,16.39238,28.54744,36.54199,37.22493
09-May-19,16.82735,29.20657,37.11869,37.84697
10-May-19,16.81947,29.0085,36.96288,37.78925
13-May-19,16.88613,29.22723,37.0171,37.95786
14-May-19,16.95459,29.26266,37.06329,38.13327
15-May-19,17.70844,30.27385,38.05085,39.07126
16-May-19,17.55162,29.20028,36.77635,37.72253
17-May-19,18.67279,29.54723,36.8456,37.47376
20-May-19,18.35246,29.18466,36.56135,36.99736
21-May-19,18.06921,28.83664,36.24041,36.57887
22-May-19,18.00506,28.68258,36.15577,36.56957
23-May-19,17.94018,28.82947,36.38026,36.7762
24-May-19,17.29049,28.20307,35.79295,36.21429
28-May-19,17.1146,28.10679,35.79773,36.24395
29-May-19,17.93459,28.61877,36.15653,36.59068
30-May-19,17.61415,28.2486,35.83647,36.2223
31-May-19,18.67322,29.09898,37.11039,37.31833
03-Jun-19,18.80557,29.20118,37.10615,37.47436
04-Jun-19,18.50312,28.82529,36.71962,37.28456
05-Jun-19,19.22895,29.62899,37.10048,37.72576
06-Jun-19,17.60844,28.41824,36.18356,36.86295
07-Jun-19,17.69304,28.03777,35.94966,36.71408
10-Jun-19,17.85525,28.4409,36.50863,38.58172
11-Jun-19,17.95817,28.21304,36.36461,38.67324
12-Jun-19,18.19026,28.44124,36.64563,38.99748
13-Jun-19,18.56225,28.4506,36.52718,39.34764
14-Jun-19,20.02413,29.8131,37.61265,41.61026
17-Jun-19,20.00559,29.76721,37.55603,41.57901
18-Jun-19,25.86506,33.45002,39.45544,44.23374
19-Jun-19,23.75105,31.93214,38.4918,43.19879
20-Jun-19,23.01052,31.00396,37.78725,42.77867
21-Jun-19,23.13925,31.45956,38.23683,43.48969
24-Jun-19,22.62271,30.64225,37.30184,42.65713
25-Jun-19,22.31483,30.73974,37.57739,43.87071
26-Jun-19,21.91715,30.34916,37.01187,43.08798
27-Jun-19,22.11239,30.70827,37.23652,43.42167
28-Jun-19,22.07739,30.70886,37.22201,43.93556
01-Jul-19,21.69142,30.13516,36.40124,42.84749
02-Jul-19,23.00895,31.06126,36.31995,42.75547
03-Jul-19,23.15074,31.09939,36.46488,42.77728
05-Jul-19,23.97471,32.01492,37.27264,43.80903
08-Jul-19,24.17573,32.29203,37.62934,44.36931
09-Jul-19,24.28851,32.48779,37.81976,44.73773
10-Jul-19,24.10191,32.88403,39.25393,46.69978
11-Jul-19,22.92682,32.35953,39.37677,47.11653
12-Jul-19,22.75893,32.81489,40.97166,49.47458
15-Jul-19,21.66463,31.5635,40.14222,48.45759
16-Jul-19,20.80773,31.13947,40.02771,47.49455
17-Jul-19,20.80455,31.1205,40.07545,47.52711
18-Jul-19,21.38925,31.47801,40.14894,47.62973
19-Jul-19,22.28359,32.75212,41.7927,49.32821
22-Jul-19,22.50136,33.0333,42.0215,49.43205
23-Jul-19,22.71985,33.29883,42.20842,49.53308
24-Jul-19,22.80715,33.34569,42.33738,49.78536
25-Jul-19,22.20224,32.72916,41.56496,48.6069
26-Jul-19,21.22984,32.00961,41.22682,48.28676
29-Jul-19,20.30979,30.92935,40.4022,46.61723
30-Jul-19,20.43096,31.21064,40.70015,46.90869
31-Jul-19,19.48928,31.30971,40.72064,46.89455
01-Aug-19,20.95026,31.39747,40.73226,46.83473
02-Aug-19,22.45412,32.99928,43.25969,52.51759
05-Aug-19,23.11078,34.34115,44.90498,54.58172
06-Aug-19,23.03842,35.05814,46.20916,56.17407
07-Aug-19,24.34779,39.56295,51.42767,63.54538
08-Aug-19,24.02334,38.31925,50.0472,61.90722
09-Aug-19,22.52237,35.74657,47.75606,58.78801
12-Aug-19,22.02113,34.61773,46.35056,57.27085
13-Aug-19,22.53708,34.71802,46.62793,57.95351
14-Aug-19,24.93159,35.74738,47.87697,59.53478
15-Aug-19,25.59171,37.06422,50.00264,63.64791
16-Aug-19,28.64328,40.52908,54.32206,68.30338
19-Aug-19,27.78938,40.45864,54.36803,68.54931
20-Aug-19,27.60857,40.55895,54.65879,69.09055
21-Aug-19,27.53543,40.3728,54.47284,68.78712
22-Aug-19,26.46076,39.06453,53.01783,67.41779
23-Aug-19,24.99103,36.10895,49.54636,63.47997
26-Aug-19,N/A,N/A,N/A,N/A
27-Aug-19,24.46453,35.21651,48.91137,63.14658
28-Aug-19,25.22152,35.80839,50.1048,65.18759
29-Aug-19,25.30378,35.54639,50.5496,66.15763
30-Aug-19,25.67556,35.17959,51.23239,66.87288
03-Sep-19,27.64894,36.88221,52.82801,70.08078
04-Sep-19,27.84238,37.28287,53.27765,70.62667
05-Sep-19,28.05329,37.26981,53.93969,71.56865
06-Sep-19,27.72224,36.95184,53.78037,71.29314
09-Sep-19,27.61632,36.72708,53.46771,70.81211
10-Sep-19,26.30296,34.94947,51.32146,68.36817
11-Sep-19,25.564,33.66297,49.22386,65.18317
12-Sep-19,22.68911,29.43974,44.77332,58.85221
13-Sep-19,25.4551,32.52061,48.04085,62.91568
16-Sep-19,25.585,32.69047,48.43905,63.44172
17-Sep-19,24.97126,32.88254,48.28633,63.22139
18-Sep-19,25.16763,33.35456,48.89306,63.91623
19-Sep-19,24.92886,32.79058,47.9277,62.59087
20-Sep-19,24.84824,32.40277,47.45196,62.10991
23-Sep-19,24.84635,32.55474,47.61137,62.87301
24-Sep-19,24.80734,32.63772,47.68891,63.00633
25-Sep-19,25.09443,32.8025,47.85397,63.46699
26-Sep-19,24.98297,32.71034,47.6777,63.61514
27-Sep-19,24.33233,32.40487,47.27789,62.65597
30-Sep-19,24.43533,32.88022,47.83263,63.90314
01-Oct-19,24.30049,32.55821,47.72762,63.38047
02-Oct-19,23.90485,32.26265,47.37148,62.80152
03-Oct-19,23.57601,32.29469,47.91302,63.43548
04-Oct-19,22.90504,31.28008,46.38401,61.16729
07-Oct-19,22.21174,30.44759,45.36849,60.24273
08-Oct-19,21.6399,29.2698,43.74616,58.20259
09-Oct-19,21.23179,27.95564,42.30724,55.86818
10-Oct-19,23.40742,30.06337,44.71717,59.30191
11-Oct-19,22.87822,30.36775,45.3157,60.20688
15-Oct-19,22.04389,30.56943,45.76127,60.77018
16-Oct-19,22.15692,31.53185,46.57966,61.47985
17-Oct-19,22.35009,31.99169,47.12823,61.91414
18-Oct-19,22.20863,32.34154,46.74038,60.34787
21-Oct-19,22.01194,32.40398,46.64207,59.45669
22-Oct-19,22.10778,32.88069,47.0335,59.34683
23-Oct-19,21.25807,31.94958,47.02512,59.517
24-Oct-19,19.97606,30.78059,45.62401,57.76269
25-Oct-19,19.36421,30.15739,45.00431,56.90747
28-Oct-19,19.60915,30.95956,46.01096,58.18224
29-Oct-19,19.42335,30.96226,46.17905,58.17513
30-Oct-19,19.51761,31.18549,46.47128,58.34884
31-Oct-19,19.38411,30.83105,45.81647,57.01955
01-Nov-19,19.24443,30.0576,44.58016,55.46418
04-Nov-19,19.30657,30.05368,44.32851,55.19989
05-Nov-19,19.54708,30.57918,45.03239,55.63213
06-Nov-19,19.62794,30.68327,45.18524,55.6723
07-Nov-19,20.62385,31.78667,46.21151,56.95763
08-Nov-19,21.16979,32.67122,47.00924,58.05557
12-Nov-19,21.24956,32.53038,46.54332,57.06439
13-Nov-19,21.46826,33.62678,46.98208,57.52872
14-Nov-19,20.8658,33.3225,46.48918,56.77474
15-Nov-19,19.80878,32.29689,45.3286,55.40309
18-Nov-19,19.25988,31.53253,44.58328,54.24569
19-Nov-19,19.23027,31.15991,43.87177,53.37322
20-Nov-19,19.04217,31.0247,43.77389,53.19994
21-Nov-19,19.06598,31.01029,43.71202,53.06277
22-Nov-19,18.92415,30.97119,43.42719,52.68665
25-Nov-19,18.75954,30.24496,42.39165,51.32934
26-Nov-19,18.56312,30.04638,42.09553,50.88378
27-Nov-19,18.23239,29.6126,41.38949,50.22167
29-Nov-19,19.02991,29.93332,41.69448,50.59493
02-Dec-19,19.08345,30.52976,42.57953,51.53722
03-Dec-19,18.879,30.33441,42.57227,51.61776
04-Dec-19,19.57285,31.29276,43.82117,53.17208
05-Dec-19,19.69437,32.22776,44.69692,54.28302
06-Dec-19,19.35878,32.19076,44.80395,54.38173
09-Dec-19,19.64307,32.74619,44.96256,54.6494
10-Dec-19,19.62768,32.96703,45.00876,54.67198
11-Dec-19,19.19457,32.19717,43.97136,53.43578
12-Dec-19,18.84794,31.14561,42.5685,51.68283
13-Dec-19,18.67961,31.22525,42.40398,50.41459
16-Dec-19,18.5949,31.06962,42.04916,49.97499
17-Dec-19,18.07567,30.94049,41.65694,49.59433
18-Dec-19,18.15996,31.47271,41.94717,49.95724
19-Dec-19,17.85919,31.9508,42.95252,51.06693
20-Dec-19,17.70721,32.33882,43.47568,51.4593
23-Dec-19,17.67461,32.32994,43.29203,51.33729
24-Dec-19,N/A,N/A,N/A,N/A
26-Dec-19,N/A,N/A,N/A,N/A
27-Dec-19,17.50409,32.78273,43.54209,51.15401
30-Dec-19,17.45961,33.51467,44.5216,51.39924
31-Dec-19,N/A,N/A,N/A,N/A
02-Jan-20,17.33382,33.32147,44.90714,52.3983
03-Jan-20,17.55855,33.77579,45.29324,52.05832
06-Jan-20,17.46414,33.44487,45.02381,51.67286
07-Jan-20,16.97783,33.07039,44.16308,50.71648
08-Jan-20,16.92857,32.5716,43.45962,49.8654
09-Jan-20,16.48292,32.25029,43.08795,49.40989
10-Jan-20,16.22947,31.55576,41.95192,48.09839
13-Jan-20,16.05975,31.3237,41.73749,47.95863
14-Jan-20,15.89067,31.10536,41.04856,47.0978
15-Jan-20,15.95583,31.28514,40.79162,46.80059
16-Jan-20,15.86426,31.21601,40.34232,46.25672
17-Jan-20,15.97233,31.26104,40.38999,46.20807
21-Jan-20,15.57098,30.85679,39.68962,45.35524
22-Jan-20,15.57712,30.84613,39.73813,45.38612
23-Jan-20,15.11408,30.0179,39.01378,44.41383
24-Jan-20,15.15349,30.09265,39.44042,44.84156
27-Jan-20,15.86839,32.03815,41.67087,47.92427
28-Jan-20,15.39067,31.12641,41.45128,47.99382
29-Jan-20,15.24078,30.48929,41.34812,47.85789
30-Jan-20,15.20529,30.22676,41.30392,47.88168
31-Jan-20,15.29664,30.9103,43.22699,51.46796
03-Feb-20,15.48415,30.88738,42.86929,51.28998
04-Feb-20,15.76662,30.47387,41.85815,50.06881
05-Feb-20,15.7544,30.14908,40.92912,48.8727
06-Feb-20,15.56037,30.34562,41.04994,49.37583
07-Feb-20,15.93608,30.67274,41.11423,49.47606
10-Feb-20,15.92353,30.77687,41.35634,49.71713
11-Feb-20,16.09349,30.96042,41.32686,49.76824
12-Feb-20,16.24671,30.61644,40.61398,48.79002
13-Feb-20,16.45525,30.81203,40.82918,48.93176
14-Feb-20,16.24688,30.73751,40.71889,48.92754
18-Feb-20,16.95871,30.95497,41.17741,49.79659
19-Feb-20,16.57166,30.91661,41.17123,49.7624
20-Feb-20,16.66345,31.31071,41.68303,52.56438
21-Feb-20,17.0958,31.7535,42.38019,57.67484
24-Feb-20,18.35411,34.32168,46.1517,63.10289
25-Feb-20,19.28816,33.71416,44.7657,60.76818
26-Feb-20,19.73028,33.31078,43.95804,58.77766
27-Feb-20,20.18589,34.33721,45.70552,60.27383
28-Feb-20,20.93978,36.35811,48.44653,64.14679
02-Mar-20,23.31917,37.16447,48.60601,64.39746
03-Mar-20,21.85029,35.70915,47.51925,61.61169
04-Mar-20,21.57864,35.63652,47.81591,61.91992
05-Mar-20,21.70382,35.67945,48.12193,61.74434
06-Mar-20,25.76044,39.13342,51.5453,70.402
09-Mar-20,28.07711,43.80909,58.63179,85.09364
10-Mar-20,25.93797,41.35683,56.56746,82.29465
11-Mar-20,26.51847,43.15846,59.26135,89.00244
12-Mar-20,27.27552,44.77129,63.8221,102.1826
13-Mar-20,26.91413,42.81355,59.28808,94.33981
16-Mar-20,28.76398,46.02621,63.41162,100.43017
17-Mar-20,28.30822,45.37298,62.8454,98.58591
18-Mar-20,29.07293,46.40847,64.26135,100.54587
19-Mar-20,38.65929,53.77843,74.77345,113.43414
20-Mar-20,33.93987,49.78883,72.5772,108.33139
23-Mar-20,34.28768,50.7855,74.40625,109.9055
24-Mar-20,32.43653,48.35901,70.95632,99.78388
25-Mar-20,29.68724,44.69873,65.51877,88.95536
26-Mar-20,27.00095,41.99139,62.28047,83.81338
27-Mar-20,28.05159,42.56699,62.79999,84.37759
30-Mar-20,28.25874,43.1325,63.22202,85.05965
31-Mar-20,27.38884,42.58228,62.64733,84.65862
01-Apr-20,26.78736,41.22005,61.1784,82.26999
02-Apr-20,26.34749,40.07742,59.12145,79.24401
03-Apr-20,24.47118,37.2113,54.9748,73.88839
06-Apr-20,23.20797,34.89937,51.88777,69.41468
07-Apr-20,25.7041,36.94354,53.73311,71.69289
08-Apr-20,27.36618,37.34368,53.66475,71.67787
09-Apr-20,26.85106,35.95107,52.13431,69.1271
13-Apr-20,N/A,N/A,N/A,N/A
14-Apr-20,26.69581,35.73893,51.94119,68.86529
15-Apr-20,26.22448,35.0694,51.15994,67.97116
16-Apr-20,26.53386,36.23742,52.12514,69.00886
17-Apr-20,25.52438,35.61428,51.52458,68.31343
20-Apr-20,25.5294,35.65316,51.65876,68.4778
21-Apr-20,27.00586,37.1364,52.09939,69.08278
22-Apr-20,32.36648,40.47973,54.19348,71.93409
23-Apr-20,32.43293,42.16047,55.71619,73.72211
24-Apr-20,29.64966,39.82107,53.99643,71.28257
27-Apr-20,26.97087,37.91381,51.92685,68.19612
28-Apr-20,25.56731,36.36228,50.3487,66.3051
29-Apr-20,24.36399,35.09966,48.28493,63.75451
30-Apr-20,22.41008,33.4708,45.81572,60.92308
01-May-20,N/A,N/A,N/A,N/A
04-May-20,22.912,33.35126,46.09333,61.50555
05-May-20,22.81058,33.41828,46.42219,61.92333
06-May-20,23.33766,33.57395,46.32953,61.59532
07-May-20,23.88416,33.89511,46.51257,61.78501
08-May-20,N/A,N/A,N/A,N/A
11-May-20,23.8007,33.37486,45.80917,60.38729
12-May-20,25.59731,34.01834,45.70106,60.31183
13-May-20,25.68703,34.62922,46.02706,60.5582
14-May-20,27.12533,35.41212,46.29116,60.91051
15-May-20,27.124,35.97839,46.2993,60.92817
18-May-20,27.18918,35.8925,46.12033,60.72818
19-May-20,26.03954,35.62769,46.30203,61.12105
20-May-20,25.15403,35.18953,45.92148,60.70987
21-May-20,24.71231,35.27521,45.7038,60.5309
22-May-20,23.13935,33.9937,45.04441,59.47058
26-May-20,22.47618,33.81521,44.94205,59.39394
27-May-20,22.09422,33.6389,44.5181,58.86655
28-May-20,21.98477,33.08073,43.69751,57.79905
29-May-20,22.34624,33.41541,43.95002,58.73253
01-Jun-20,22.50745,33.57689,44.06205,58.58788
02-Jun-20,22.46661,33.20021,44.63258,59.28174
03-Jun-20,22.53068,33.06062,44.77083,59.40784
04-Jun-20,22.4989,32.53963,44.23069,58.81021
05-Jun-20,23.11986,33.38159,45.70241,62.12472
08-Jun-20,23.09907,33.57975,46.00164,63.43441
09-Jun-20,22.90271,33.59176,46.2688,63.97779
10-Jun-20,22.18195,33.43637,46.21324,63.95024
11-Jun-20,22.91553,34.2405,47.27116,68.32265
12-Jun-20,22.4004,33.84253,46.77494,67.29118
15-Jun-20,21.93306,32.95814,45.58751,64.9154
16-Jun-20,21.69754,32.56207,45.16884,64.26055
17-Jun-20,21.77338,32.67253,45.40662,64.64966
18-Jun-20,21.71034,32.61508,45.26563,64.36487
19-Jun-20,21.71275,32.72553,45.42839,64.58278
22-Jun-20,21.69075,32.64032,45.31333,64.49068
23-Jun-20,21.07049,32.41546,45.08596,64.1058
24-Jun-20,21.04822,32.39662,44.98928,64.04216
25-Jun-20,21.44669,33.01171,46.00449,65.74458
26-Jun-20,20.96117,32.4644,45.54554,65.13409
29-Jun-20,20.64386,32.2829,45.28484,64.56524
30-Jun-20,21.12768,32.11912,45.19284,64.40031
01-Jul-20,21.00883,32.2402,45.07458,64.35049
02-Jul-20,20.5638,31.81023,44.64488,63.76226
06-Jul-20,19.53431,31.19491,44.01601,62.71039
07-Jul-20,19.5457,31.0642,43.89322,62.57254
08-Jul-20,19.5556,31.00896,43.76842,62.36769
09-Jul-20,19.23027,30.61842,43.20147,61.49748
10-Jul-20,19.46251,30.78712,43.66511,62.68473
13-Jul-20,19.62192,31.01609,43.90028,63.22137
14-Jul-20,19.6844,31.13764,44.1314,63.74059
15-Jul-20,19.70709,31.04323,43.88444,63.74425
16-Jul-20,19.7143,30.50021,43.29786,62.90758
17-Jul-20,19.60506,30.07931,42.73806,61.76394
20-Jul-20,19.28497,29.93604,42.5303,61.63292
21-Jul-20,19.07914,29.06577,41.5085,58.77827
22-Jul-20,18.66364,29.11523,40.53805,56.1557
23-Jul-20,18.61231,29.29794,40.43762,54.28512
24-Jul-20,18.81696,29.91404,41.18252,55.3354
27-Jul-20,18.72215,30.08391,41.30308,55.58412
28-Jul-20,18.87685,30.43721,41.72545,56.04511
29-Jul-20,18.93214,30.53046,41.93289,56.31048
30-Jul-20,19.53806,31.48782,43.30099,58.1198
31-Jul-20,19.19646,31.04321,42.68689,57.66487
03-Aug-20,18.8215,30.63905,42.12379,56.94462
04-Aug-20,18.85088,30.58942,42.21209,57.03794
05-Aug-20,18.27962,30.23403,41.67913,56.20428
06-Aug-20,18.4983,30.85825,42.60381,57.69747
07-Aug-20,18.63654,30.94006,42.34347,57.37954
10-Aug-20,18.35912,30.46649,42.05438,56.9529
11-Aug-20,18.66571,30.93977,42.71886,57.85341
12-Aug-20,18.78281,31.15019,43.07513,58.40515
13-Aug-20,18.76879,31.13383,42.99997,58.21391
14-Aug-20,18.74898,31.45982,43.58921,59.11
17-Aug-20,18.66378,31.61442,43.4135,59.18656
18-Aug-20,18.71636,31.91601,43.80469,59.82559
19-Aug-20,18.68857,31.77927,43.6356,59.53212
20-Aug-20,18.36052,31.67951,43.84848,59.91649
21-Aug-20,18.55005,31.83817,44.48891,60.94689
24-Aug-20,18.13646,31.61961,44.66531,61.10459
25-Aug-20,18.24683,32.28518,45.69281,62.58218
26-Aug-20,18.24951,32.46224,46.0501,63.077
27-Aug-20,18.27489,32.17236,45.66453,62.43556
28-Aug-20,18.32656,32.97464,46.77428,64.05188
31-Aug-20,N/A,N/A,N/A,N/A
01-Sep-20,18.44634,32.67619,46.61823,63.82876
02-Sep-20,18.30784,32.21993,46.16912,63.47271
03-Sep-20,18.07739,31.78794,45.55641,62.61808
04-Sep-20,18.03364,31.34415,44.94022,61.55016
08-Sep-20,18.0405,31.41657,45.07182,61.93409
09-Sep-20,18.33988,31.63752,45.25377,62.14692
10-Sep-20,18.5096,31.43154,44.72864,61.41577
11-Sep-20,18.60942,31.51693,45.05581,61.84931
14-Sep-20,18.5869,31.25938,44.69271,61.20953
15-Sep-20,18.48421,30.88035,44.10757,60.35191
16-Sep-20,18.4983,30.71799,43.9341,59.97126
17-Sep-20,18.18935,30.33481,43.31872,58.81481
18-Sep-20,18.03091,29.93499,43.07406,58.06571
21-Sep-20,18.33229,30.68769,43.77959,58.98676
22-Sep-20,18.46384,30.69718,43.86032,58.64805
23-Sep-20,18.07249,30.38148,43.37951,57.99019
24-Sep-20,17.95172,30.06283,42.78469,57.14354
25-Sep-20,17.85937,29.73682,42.44147,56.70791
28-Sep-20,17.83911,29.57062,41.99817,55.98137
29-Sep-20,17.44777,28.77491,40.77767,54.29703
30-Sep-20,18.2608,29.04418,40.93356,54.27559
01-Oct-20,17.45255,29.00367,41.09827,54.78693
02-Oct-20,17.83109,29.16634,41.24138,54.87105
05-Oct-20,17.62519,29.12829,41.12981,54.76161
06-Oct-20,17.36696,28.71004,40.56776,53.98316
07-Oct-20,17.21696,28.52826,40.09816,53.3427
08-Oct-20,17.47848,28.88642,40.58244,53.46486
09-Oct-20,17.11517,28.4465,39.90946,52.30439
13-Oct-20,16.47518,27.6723,39.11859,51.14967
14-Oct-20,15.69301,26.63709,38.29061,50.07147
15-Oct-20,16.33174,27.44003,39.41308,51.80917
16-Oct-20,16.24025,26.95937,38.44379,50.24953
19-Oct-20,16.28074,26.97992,38.33246,50.15526
20-Oct-20,16.65953,27.31768,38.47631,50.32777
21-Oct-20,16.47379,27.13091,38.60427,50.63072
22-Oct-20,16.6686,27.06581,37.94976,49.65106
23-Oct-20,17.17558,27.34641,38.09997,49.65259
26-Oct-20,17.22766,27.55605,38.40529,50.0619
27-Oct-20,17.19358,27.46792,38.27519,49.9374
28-Oct-20,17.56724,27.97149,39.12702,51.00812
29-Oct-20,19.35559,28.10787,38.6898,50.42579
30-Oct-20,18.3862,27.58292,38.48728,50.13253
02-Nov-20,17.95839,27.97466,38.88289,50.96065
03-Nov-20,17.95696,28.00543,39.06344,51.34667
04-Nov-20,17.27959,26.74758,37.34344,49.17868
05-Nov-20,17.33663,26.29099,35.88428,47.22131
06-Nov-20,17.52163,26.0297,35.18704,46.07403
09-Nov-20,18.00312,27.24504,36.67632,48.26008
10-Nov-20,18.49861,28.44231,38.45532,50.65275
12-Nov-20,17.73452,26.71207,36.61953,48.27355
13-Nov-20,17.15659,25.6023,35.15885,46.16635
16-Nov-20,17.16068,25.822,35.38781,46.46166
17-Nov-20,16.95913,25.56073,35.0959,46.28248
18-Nov-20,16.44621,25.32444,35.22151,46.67734
19-Nov-20,16.4423,25.37597,35.26545,46.69442
20-Nov-20,16.31531,25.16264,35.08229,46.3922
23-Nov-20,16.1224,25.20746,35.11456,46.54166
24-Nov-20,16.1637,25.20898,35.14941,46.60519
25-Nov-20,16.03796,25.11917,35.16719,46.55589
27-Nov-20,15.60301,24.40292,34.11708,45.70812
30-Nov-20,15.83418,24.76847,34.40185,46.27703
01-Dec-20,15.76086,24.64402,34.29691,46.12481
02-Dec-20,15.91142,25.12979,34.87707,46.83804
03-Dec-20,15.88595,24.99502,34.72471,46.66387
04-Dec-20,15.87769,25.03839,34.78015,46.71487
07-Dec-20,15.87955,24.98505,34.93026,46.94825
08-Dec-20,15.86832,24.9877,34.86144,46.83386
09-Dec-20,15.98026,24.66731,34.49855,46.38782
10-Dec-20,15.70401,24.33202,34.0327,45.54949
11-Dec-20,15.74503,24.48979,34.20689,45.89596
14-Dec-20,15.94332,24.55417,34.35979,46.24543
15-Dec-20,15.65777,24.29454,34.05321,45.85125
16-Dec-20,15.63282,24.26024,34.00385,45.9184
17-Dec-20,15.79382,24.82347,34.74629,47.05655
18-Dec-20,15.73062,24.73244,34.53481,46.82911
21-Dec-20,15.69398,24.51094,34.30569,46.58051
22-Dec-20,15.68762,24.47784,34.32479,46.61826
23-Dec-20,16.1911,24.33672,34.30654,46.61541
24-Dec-20,N/A,N/A,N/A,N/A
28-Dec-20,N/A,N/A,N/A,N/A
29-Dec-20,16.10241,24.23144,34.31599,46.61645
30-Dec-20,15.68863,23.71102,33.96484,46.58559
31-Dec-20,N/A,N/A,N/A,N/A
04-Jan-21,15.92246,24.424,34.62505,46.83563
05-Jan-21,15.74275,24.30337,34.53253,46.7248
06-Jan-21,15.96229,24.31372,34.61429,46.74962
07-Jan-21,16.14439,24.15691,34.26185,46.21627
08-Jan-21,15.82674,23.81002,33.84783,45.65691
11-Jan-21,15.78336,23.6658,33.67614,45.25539
12-Jan-21,16.18934,24.73041,34.19472,45.68283
13-Jan-21,16.39916,24.84163,34.30712,45.43548
14-Jan-21,16.41596,24.84299,34.30182,45.48378
15-Jan-21,16.42149,24.82611,34.27525,45.46106
19-Jan-21,16.43742,24.8622,34.24662,44.20046
20-Jan-21,16.51479,24.75357,33.84863,43.75065
21-Jan-21,16.31821,24.7756,34.06421,44.03945
22-Jan-21,16.253,24.91862,34.50725,44.60269
25-Jan-21,16.20888,25.09673,34.55022,44.67358
26-Jan-21,16.2132,24.92798,34.30143,44.40204
27-Jan-21,17.07495,25.37138,34.53832,44.73583
28-Jan-21,17.01973,25.68835,35.03824,45.60907
29-Jan-21,17.00343,26.64688,36.29886,47.29182
01-Feb-21,17.28574,26.75735,36.24262,47.22095
02-Feb-21,17.34024,26.6243,36.52632,47.56189
03-Feb-21,17.41544,26.94409,36.89581,48.02201
04-Feb-21,17.88391,27.85543,38.29553,49.77792
05-Feb-21,17.74059,28.2229,39.48451,51.68055
08-Feb-21,17.41614,28.21726,39.97998,52.35223
09-Feb-21,16.32672,26.46242,38.26085,50.17839
10-Feb-21,16.03093,25.21911,36.7921,48.20353
11-Feb-21,15.95669,24.97889,36.47945,47.81034
12-Feb-21,16.08969,25.44022,37.30608,48.97399
16-Feb-21,16.45947,26.5837,39.28026,51.28211
17-Feb-21,16.4802,26.60727,39.60932,51.82603
18-Feb-21,16.60092,27.36812,40.17473,52.42865
19-Feb-21,17.09688,29.75155,41.97129,54.91013
22-Feb-21,17.00067,29.59954,41.99362,53.51436
23-Feb-21,17.49693,30.77811,43.16652,54.71307
24-Feb-21,17.82685,31.48631,44.39466,55.96559
25-Feb-21,20.67782,34.91086,46.8858,56.17368
26-Feb-21,22.5985,39.93031,49.92995,59.63605
01-Mar-21,20.98299,36.63218,47.46023,56.76963
02-Mar-21,19.42403,34.91236,45.3338,54.03676
03-Mar-21,19.4152,34.32847,45.28457,53.67183
04-Mar-21,18.53215,33.69064,45.41815,53.85881
05-Mar-21,18.72897,34.60063,46.47748,54.59022
08-Mar-21,18.60672,33.95383,45.92977,53.36768
09-Mar-21,18.4763,34.15224,46.24391,53.39814
10-Mar-21,18.58552,34.58421,46.76476,53.91508
11-Mar-21,17.39266,32.06322,43.68988,50.42639
12-Mar-21,18.13284,33.36609,45.32859,52.30256
15-Mar-21,18.14923,33.39919,45.43525,52.21212
16-Mar-21,17.90883,31.90457,43.61743,50.16744
17-Mar-21,17.9553,32.63761,44.3294,50.87387
18-Mar-21,18.10898,34.24147,47.15139,54.05077
19-Mar-21,17.97264,33.53966,46.33803,53.07628
22-Mar-21,17.90212,33.15647,46.07034,53.06093
23-Mar-21,17.97222,33.22299,46.30687,53.33665
24-Mar-21,17.68199,32.98994,45.91773,52.9389
25-Mar-21,16.76188,32.00389,44.71123,51.5596
26-Mar-21,16.46159,31.70694,45.55458,52.70123
29-Mar-21,16.37086,31.53158,45.2967,52.37538
30-Mar-21,16.56828,32.42971,46.64297,53.96708
31-Mar-21,16.46368,32.88757,47.0475,54.53859
01-Apr-21,16.82873,33.1389,47.48943,55.04149
02-Apr-21,N/A,N/A,N/A,N/A
05-Apr-21,N/A,N/A,N/A,N/A
06-Apr-21,16.9548,33.1567,47.36583,54.91154
07-Apr-21,17.40992,33.50008,47.62382,55.17246
08-Apr-21,17.28259,32.39461,46.26538,53.66542
09-Apr-21,17.48998,33.18773,47.19664,54.72216
12-Apr-21,17.54106,32.83743,46.74801,54.15176
13-Apr-21,17.55699,32.47719,46.38046,54.03207
14-Apr-21,17.69351,32.68708,46.50926,54.06346
15-Apr-21,17.68017,32.46278,46.25884,53.67798
16-Apr-21,17.71541,32.73251,46.366,53.83949
19-Apr-21,18.04353,34.03377,47.06781,54.61474
20-Apr-21,18.6653,34.59387,47.6986,54.99609
21-Apr-21,18.33777,34.25722,47.495,54.45966
22-Apr-21,18.39291,34.00519,47.15316,53.79708
23-Apr-21,18.36597,34.1055,47.2857,53.87455
26-Apr-21,18.18486,34.00345,46.71349,53.15367
27-Apr-21,18.27614,34.12398,46.93867,53.4051
28-Apr-21,18.68798,35.166,47.95292,54.37606
29-Apr-21,18.58431,35.56395,48.4684,54.82564
30-Apr-21,19.10016,36.86747,48.6591,54.70542
03-May-21,N/A,N/A,N/A,N/A
04-May-21,18.93623,36.40612,48.55493,54.7327
05-May-21,19.15053,37.1115,49.31423,55.55805
06-May-21,19.5628,38.33402,49.6708,55.82133
07-May-21,19.79128,38.59167,49.77927,55.91573
10-May-21,19.77642,38.3482,49.57797,55.69051
11-May-21,19.93547,39.61885,50.32815,56.52495
12-May-21,19.84225,40.32662,49.6439,55.82458
13-May-21,19.79046,40.08981,49.31602,55.41207
14-May-21,19.49472,39.69487,48.50925,54.47904
17-May-21,19.29089,39.43964,48.44206,54.37292
18-May-21,19.06222,38.95322,48.14208,54.03808
19-May-21,19.03395,38.62833,47.564,53.39028
20-May-21,19.16174,39.16346,48.10491,53.92791
21-May-21,19.19046,38.93991,47.96209,53.68509
24-May-21,18.9932,38.11357,47.14661,52.60777
25-May-21,19.01611,37.08774,45.95359,51.27186
26-May-21,17.65199,34.67316,42.86697,47.6892
27-May-21,17.98171,35.7186,44.18471,48.94971
28-May-21,17.83192,35.57707,44.13741,48.9533
01-Jun-21,17.80409,35.53878,44.17144,49.00487
02-Jun-21,17.66408,34.85431,43.47529,48.17715
03-Jun-21,17.62966,34.72065,43.5228,48.21469
04-Jun-21,17.28629,33.61391,42.70608,47.31056
07-Jun-21,17.24316,33.57607,42.60089,47.21043
08-Jun-21,17.03745,32.78765,41.69731,46.1335
09-Jun-21,16.91162,32.98403,42.2512,47.11885
10-Jun-21,16.91639,33.067,42.3936,47.29082
11-Jun-21,16.8633,32.70647,42.09896,46.91218
14-Jun-21,16.74113,32.44546,41.7892,46.81582
15-Jun-21,16.78261,32.18054,41.73995,47.19779
16-Jun-21,16.80825,32.03139,41.70779,47.15752
17-Jun-21,17.32196,32.94095,42.87569,47.83285
18-Jun-21,17.38697,33.01526,43.12962,49.8035
21-Jun-21,18.04404,33.78023,44.09954,51.69497
22-Jun-21,18.03412,33.61861,44.14768,51.73132
23-Jun-21,17.41069,32.49929,43.36026,50.79077
24-Jun-21,17.15118,31.43355,41.9868,49.27106
25-Jun-21,17.18587,31.23836,41.77162,48.97284
28-Jun-21,16.98186,31.31524,41.64315,48.87425
29-Jun-21,16.90549,31.18352,41.46743,48.69321
30-Jun-21,16.825,31.07632,41.27596,48.62053
01-Jul-21,17.01468,30.99572,40.44608,47.86731
02-Jul-21,16.6608,30.92758,39.55586,46.92599
06-Jul-21,16.28623,29.779,39.05286,46.63456
07-Jul-21,16.54321,30.92526,40.69395,49.1836
08-Jul-21,16.61213,31.3309,41.28792,51.03923
09-Jul-21,16.29139,30.83443,40.62029,50.58651
12-Jul-21,16.07953,30.6042,40.47855,50.53867
13-Jul-21,15.87316,29.79038,39.55895,49.29103
14-Jul-21,15.91224,29.88914,39.76968,49.56095
15-Jul-21,15.96088,30.01966,39.90824,49.69161
16-Jul-21,16.035,30.15967,40.15907,50.27726
19-Jul-21,16.86106,32.68642,43.58024,55.00294
20-Jul-21,16.78997,32.41898,43.50329,56.02433
21-Jul-21,16.74064,31.51045,42.36077,53.93175
22-Jul-21,15.73064,29.62045,40.29062,50.72285
23-Jul-21,15.48672,29.32961,40.15281,50.55246
26-Jul-21,15.24256,29.43125,40.47063,50.76904
27-Jul-21,15.16559,29.4809,40.89191,51.23367
28-Jul-21,15.21356,29.65966,41.20415,51.67814
29-Jul-21,15.12975,29.22416,40.6205,50.8821
30-Jul-21,15.14385,29.03166,40.28333,50.50689
02-Aug-21,15.06673,28.97058,40.17989,50.42387
03-Aug-21,15.09118,28.84448,39.96701,50.16887
04-Aug-21,15.39273,29.08624,40.28322,50.69048
05-Aug-21,15.38689,29.07603,40.48674,51.46688
06-Aug-21,15.33068,29.17713,40.83609,51.73231
09-Aug-21,15.21444,28.77189,40.26278,51.26089
10-Aug-21,15.13682,28.40049,39.74786,50.30715
11-Aug-21,15.18115,28.51119,39.82319,50.5549
12-Aug-21,15.11497,28.20272,39.62557,50.22153
13-Aug-21,15.17244,27.88842,39.26991,49.85714
16-Aug-21,15.19883,27.71567,39.17807,49.78737
17-Aug-21,15.22963,27.72296,39.17235,49.81385
18-Aug-21,15.24465,27.58871,39.21037,49.7748
19-Aug-21,15.24428,27.64735,39.32703,50.00898
20-Aug-21,15.08732,27.67736,39.30593,49.91725
23-Aug-21,15.25132,27.69843,39.26824,49.94217
24-Aug-21,15.13866,27.44861,39.19919,49.94395
25-Aug-21,15.31047,27.95492,39.92031,50.71065
26-Aug-21,15.66558,28.72001,40.87139,51.80174
27-Aug-21,15.66983,28.68507,40.8817,51.83036
30-Aug-21,N/A,N/A,N/A,N/A
31-Aug-21,15.57811,28.13374,40.07215,50.80272
01-Sep-21,16.1603,28.88226,41.03577,51.88069
02-Sep-21,16.16346,28.92065,40.96757,51.37755
03-Sep-21,16.20785,28.88617,40.67285,50.71516
07-Sep-21,16.27236,29.41836,41.11128,50.10435
08-Sep-21,16.66236,30.19001,41.53346,49.83805
09-Sep-21,16.40219,29.76364,40.91592,48.6073
10-Sep-21,16.04834,29.88432,40.90082,48.02745
13-Sep-21,16.11043,29.95039,40.93093,48.06374
14-Sep-21,16.15035,30.11405,41.13281,48.23039
15-Sep-21,16.22125,29.76436,40.63359,47.61059
16-Sep-21,16.48834,30.37694,41.47014,47.97803
17-Sep-21,17.41931,32.31139,42.64218,48.65032
20-Sep-21,17.7233,33.18256,43.27111,49.8707
21-Sep-21,17.7508,33.18316,43.36933,49.82088
22-Sep-21,17.18604,32.62337,42.71204,49.12422
23-Sep-21,17.65384,33.35387,42.91844,49.37438
24-Sep-21,17.90353,34.524,44.32116,50.73601
27-Sep-21,18.10477,35.03976,45.13705,51.54732
28-Sep-21,18.46617,36.19549,46.57009,52.49627
29-Sep-21,17.61665,35.63677,45.72935,51.62507
30-Sep-21,18.10275,35.85153,46.01543,51.9962
01-Oct-21,18.19201,35.55009,45.62298,51.32928
04-Oct-21,17.95108,34.04213,44.12291,49.58713
05-Oct-21,17.58229,33.48354,43.43482,48.92819
06-Oct-21,18.11043,34.83859,44.85771,49.58969
07-Oct-21,18.10513,35.31004,44.99034,49.78586
08-Oct-21,19.63603,36.79762,45.98472,50.5809
12-Oct-21,22.3138,39.78464,48.38557,53.09994
13-Oct-21,23.11149,41.00238,48.95679,53.94804
14-Oct-21,24.66495,42.91223,50.83767,56.88318
15-Oct-21,23.77769,41.89895,49.76465,55.74478
18-Oct-21,29.33035,46.63025,51.78514,57.82273
19-Oct-21,30.43963,47.42833,51.61727,57.49393
20-Oct-21,31.33465,47.66689,51.13361,56.81455
21-Oct-21,31.40277,47.17311,50.35676,55.8175
22-Oct-21,35.83039,50.85239,52.94704,58.75386
25-Oct-21,36.77671,51.72037,53.79165,59.62616
26-Oct-21,39.10575,53.48147,54.66342,60.55146
27-Oct-21,41.76431,56.74919,56.76878,63.13547
28-Oct-21,51.18413,64.97405,60.77059,67.83847
29-Oct-21,59.85199,70.94651,65.00128,73.43617
01-Nov-21,55.63688,68.8966,63.86376,72.33036
02-Nov-21,47.82421,61.06091,58.03786,65.69892
03-Nov-21,43.71755,56.19086,55.91824,63.29381
04-Nov-21,36.52589,49.65515,52.33032,59.1532
05-Nov-21,37.68029,51.03993,53.38357,60.98362
08-Nov-21,42.26789,54.52613,55.15744,63.66349
09-Nov-21,42.61157,55.45473,56.0232,66.35647
10-Nov-21,43.20985,55.82271,56.85436,68.2871
12-Nov-21,45.25966,57.87476,58.39135,70.70458
15-Nov-21,44.76906,56.94322,57.7747,69.90987
16-Nov-21,44.87793,56.99969,57.76917,69.89376
17-Nov-21,44.8163,55.67984,56.43928,68.2637
18-Nov-21,42.95139,54.02872,55.10757,66.60282
19-Nov-21,42.61184,54.4273,55.77746,67.46054
22-Nov-21,39.75933,52.32404,54.45488,66.02032
23-Nov-21,40.18786,53.17691,55.31963,66.90903
24-Nov-21,41.29952,54.59852,56.3611,68.07832
26-Nov-21,40.46742,55.56149,58.53292,70.60012
29-Nov-21,40.60709,55.78262,58.91503,70.96715
30-Nov-21,40.58808,56.22204,59.77266,72.02076
01-Dec-21,41.90413,57.25559,60.72719,72.82607
02-Dec-21,41.92354,57.14552,60.67743,72.47396
03-Dec-21,43.23901,58.72172,61.9375,73.50191
06-Dec-21,43.31573,58.67092,61.1895,71.90282
07-Dec-21,45.08216,59.11777,60.79832,70.3421
08-Dec-21,45.59893,58.86854,60.03968,69.15482
09-Dec-21,45.90445,58.68195,59.5311,68.03799
10-Dec-21,45.25839,57.18225,58.3795,65.74596
13-Dec-21,45.16487,57.01754,58.10634,65.28384
14-Dec-21,45.58018,57.6932,58.63879,65.75212
15-Dec-21,46.6951,58.06729,58.67097,65.81181
16-Dec-21,46.05475,56.55001,57.61079,64.53064
17-Dec-21,43.98422,55.8065,57.1814,64.19753
20-Dec-21,43.49981,55.49322,57.08718,64.15962
21-Dec-21,42.52664,55.95397,58.1323,65.60559
22-Dec-21,42.88449,56.77038,60.08782,68.64805
23-Dec-21,43.93404,58.3168,62.4677,71.19606
24-Dec-21,N/A,N/A,N/A,N/A
27-Dec-21,43.93404,58.3168,62.4677,71.19606
28-Dec-21,43.93404,58.3168,62.4677,71.19606
29-Dec-21,44.26432,58.96862,63.12305,72.03928
30-Dec-21,44.5289,58.17935,62.81658,72.52419
31-Dec-21,N/A,N/A,N/A,N/A
03-Jan-22,N/A,N/A,N/A,N/A
04-Jan-22,44.17654,57.61124,61.76527,70.94681
05-Jan-22,42.74973,54.82128,58.46913,66.38
06-Jan-22,42.58271,54.81357,58.11696,65.84995
07-Jan-22,42.6059,54.72455,57.90482,64.60648
10-Jan-22,42.68969,54.8579,57.74027,63.85975
11-Jan-22,43.36682,55.63036,57.79956,63.39152
12-Jan-22,42.10552,54.56682,56.73398,60.95056
13-Jan-22,42.22573,54.85427,57.08083,61.71391
14-Jan-22,42.29225,55.36026,57.61763,62.63801
18-Jan-22,43.27386,56.72241,59.21341,64.56722
19-Jan-22,43.88868,57.49436,59.58901,65.0025
20-Jan-22,44.18662,56.31251,58.17191,63.47767
21-Jan-22,44.45113,56.37781,58.41307,64.03118
24-Jan-22,45.28436,57.70818,59.61927,65.43419
25-Jan-22,44.9829,57.27457,59.55363,65.33308
26-Jan-22,45.39786,57.5681,60.33744,66.18579
27-Jan-22,46.2663,57.60396,59.86118,65.7375
28-Jan-22,48.59076,59.65717,60.66677,65.87196
31-Jan-22,56.79569,65.67781,62.17851,65.99683
01-Feb-22,55.16283,64.60054,61.9044,64.33928
02-Feb-22,55.15595,64.66895,62.04914,64.40621
03-Feb-22,66.33756,72.40591,65.11153,66.22526
04-Feb-22,76.31366,79.34984,66.81221,67.10978
07-Feb-22,82.52853,82.85684,70.03761,70.31039
08-Feb-22,76.75924,77.16217,69.21166,70.53949
09-Feb-22,74.09861,74.70926,67.41422,68.68757
10-Feb-22,78.69567,78.35922,68.87784,70.12241
11-Feb-22,81.80244,80.71791,70.88847,71.84271
14-Feb-22,84.03881,83.06158,72.57839,73.82538
15-Feb-22,86.42782,84.63506,73.83035,74.89652
16-Feb-22,82.72765,81.79691,71.84906,72.86527
17-Feb-22,81.68835,80.28616,71.26692,72.14389
18-Feb-22,78.646,78.8989,71.04787,71.60501
22-Feb-22,78.70059,79.0725,71.24278,71.87236
23-Feb-22,79.30176,79.56694,71.38923,72.04994
24-Feb-22,80.959,81.21099,72.93124,74.15207
25-Feb-22,78.46065,79.31114,71.20327,72.38539
28-Feb-22,80.11052,80.18904,71.54464,72.71272
01-Mar-22,86.67878,86.10408,75.34929,76.36694
02-Mar-22,86.80317,85.66007,75.97917,77.08357
03-Mar-22,90.43364,89.44773,79.27615,80.77495
04-Mar-22,97.39977,96.55676,85.98177,87.54231
07-Mar-22,93.78317,94.56885,84.68581,86.01333
08-Mar-22,93.83322,95.858,86.27716,88.19072
09-Mar-22,93.00273,94.86997,85.53106,87.52605
10-Mar-22,92.24998,93.98162,84.8997,86.88282
11-Mar-22,99.28426,98.25302,85.54882,87.5071
14-Mar-22,96.74114,95.92919,83.37751,85.0921
15-Mar-22,95.9146,94.7414,82.30498,83.72705
16-Mar-22,95.06637,93.72521,81.51876,82.90051
17-Mar-22,87.22719,88.61716,77.64175,78.02537
18-Mar-22,82.1029,85.54763,76.39375,76.75159
21-Mar-22,82.92287,85.88063,75.71671,76.01916
22-Mar-22,88.88951,89.55132,77.82342,77.97377
23-Mar-22,90.08444,89.45825,77.10976,76.85384
24-Mar-22,90.13889,88.89309,77.89059,77.62035
25-Mar-22,93.05519,90.92792,79.49978,79.13219
28-Mar-22,101.70228,97.29726,82.83436,82.62783
29-Mar-22,107.67606,102.5903,86.54898,86.3527
30-Mar-22,112.09999,105.11616,87.46865,87.26672
31-Mar-22,108.92024,101.47651,84.06328,83.88644
01-Apr-22,108.9597,101.41922,84.19131,83.86833
04-Apr-22,108.03446,100.52831,83.50183,83.17811
05-Apr-22,105.22374,98.59023,82.66102,81.99822
06-Apr-22,109.95144,102.54267,85.74014,85.1015
07-Apr-22,110.89015,103.73136,86.2054,84.62356
08-Apr-22,112.60382,105.71132,88.18722,86.26664
11-Apr-22,116.45666,109.82031,91.53574,89.28142
12-Apr-22,113.26074,107.58994,92.4738,90.21497
13-Apr-22,111.99634,106.31043,91.65612,89.35451
14-Apr-22,105.70431,102.64883,89.89065,87.04392
18-Apr-22,N/A,N/A,N/A,N/A
19-Apr-22,109.37605,105.62839,92.75485,89.74844
20-Apr-22,106.28382,103.78404,93.13953,89.81976
21-Apr-22,110.60053,106.49255,95.05364,89.98989
22-Apr-22,118.20787,112.56957,100.02005,93.98605
25-Apr-22,117.21746,111.03675,99.38548,93.00883
26-Apr-22,114.63705,110.00876,99.39581,92.99421
27-Apr-22,112.73323,108.01109,98.55985,91.88175
28-Apr-22,115.87603,110.92219,100.87312,93.83549
29-Apr-22,118.56644,111.97894,102.02815,94.75526
02-May-22,118.56644,111.97894,102.02815,94.75526
03-May-22,120.99145,114.89243,104.10811,96.39836
04-May-22,123.3728,117.77368,107.04545,98.4985
05-May-22,115.55571,111.19715,102.95153,93.81296
06-May-22,121.89626,116.34894,105.81445,96.53164
09-May-22,121.26837,117.34518,109.01802,99.51518
10-May-22,115.19134,113.95058,107.01891,97.50967
11-May-22,115.28038,114.50794,108.33301,98.83167
12-May-22,115.3992,115.15576,109.69686,100.06852
13-May-22,116.97764,116.63211,110.96113,101.03247
16-May-22,118.47878,117.54601,110.84531,100.90946
17-May-22,119.04613,115.8854,107.38048,97.80646
18-May-22,119.96616,115.97827,106.69321,98.46631
19-May-22,117.40626,111.94561,102.46896,96.70471
20-May-22,116.13253,108.7695,97.97474,92.57644
23-May-22,111.49254,105.69468,96.62133,91.43302
24-May-22,105.63644,100.12714,92.02898,87.12771
25-May-22,103.09272,98.03639,89.27736,84.86903
26-May-22,103.78781,98.49784,89.52867,85.14301
27-May-22,104.08429,98.03604,88.89694,85.82193
31-May-22,110.91119,103.76002,92.77731,89.31067
01-Jun-22,109.99155,103.24365,92.38255,88.62233
02-Jun-22,109.99155,103.24365,92.38255,88.62233
03-Jun-22,109.99155,103.24365,92.38255,88.62233
06-Jun-22,117.46942,107.9372,94.86467,90.71511
07-Jun-22,116.47722,107.16532,94.49428,90.31114
08-Jun-22,117.28466,108.511,95.80702,91.5971
09-Jun-22,120.19477,109.06596,96.63444,92.41292
10-Jun-22,120.60807,109.59683,97.02239,92.00893
13-Jun-22,129.97408,118.25335,103.75121,96.85003
14-Jun-22,138.51637,124.17867,106.82562,99.24362
15-Jun-22,151.0585,134.25773,114.94617,105.97597
16-Jun-22,162.95739,143.88482,123.39021,113.36999
17-Jun-22,156.70954,137.97105,118.74512,109.05518
21-Jun-22,154.16262,135.95889,115.74541,105.74988
22-Jun-22,150.68487,135.46943,115.01327,105.22152
23-Jun-22,146.73569,133.1462,114.36802,103.78592
24-Jun-22,148.20141,136.9704,120.02201,108.88199
27-Jun-22,148.71683,136.38242,119.21246,107.99541
28-Jun-22,152.41564,139.86107,121.65602,107.10342
29-Jun-22,149.1509,137.10682,118.69862,102.89959
30-Jun-22,144.34531,133.72549,117.28192,100.39823
01-Jul-22,150.60739,138.09557,120.91708,103.82792
05-Jul-22,158.90694,145.02627,123.4791,106.55016
06-Jul-22,160.92606,147.15931,125.22801,107.96033
07-Jul-22,165.27631,151.02287,128.06792,110.101
08-Jul-22,160.98308,149.08891,126.46206,108.23416
11-Jul-22,160.64885,148.59106,126.42029,107.42939
12-Jul-22,163.06643,151.3375,128.196,108.90702
13-Jul-22,165.33565,153.14936,129.50234,109.62979
14-Jul-22,166.40831,153.83101,130.55447,110.29812
15-Jul-22,165.8045,152.56109,129.37042,109.60618
18-Jul-22,167.26632,153.38591,130.41838,110.399
19-Jul-22,162.84489,148.87777,126.50597,107.19228
20-Jul-22,162.00379,147.71983,125.01605,105.92119
21-Jul-22,157.33315,143.00571,120.14911,101.995
22-Jul-22,149.8438,137.01889,114.82594,97.57646
25-Jul-22,145.83504,134.21858,112.73352,95.74296
26-Jul-22,145.11168,134.61866,113.22582,96.26475
27-Jul-22,145.01824,135.30718,113.5665,96.42622
28-Jul-22,141.74157,132.59257,111.47169,94.65475
29-Jul-22,136.7129,132.06384,111.0938,94.45045
01-Aug-22,138.03685,131.0301,111.0525,94.30896
02-Aug-22,140.21866,133.43542,114.70383,97.41581
03-Aug-22,142.42592,135.85628,117.82963,100.04452
04-Aug-22,140.86289,134.43798,116.94496,99.57856
05-Aug-22,142.09206,134.78089,117.58011,100.02594
08-Aug-22,139.41399,133.08214,116.07759,98.8094
09-Aug-22,139.39961,132.51146,115.96687,98.69253
10-Aug-22,136.34059,129.43263,113.0669,96.24585
11-Aug-22,132.92239,126.07812,110.01313,93.7526
12-Aug-22,130.979,124.81196,108.6254,92.49362
15-Aug-22,128.51728,122.54102,107.10785,91.28662
16-Aug-22,130.57677,123.35897,108.07021,92.16788
17-Aug-22,135.31276,127.32944,111.2367,94.48437
18-Aug-22,136.87857,129.07986,111.60401,94.96477
19-Aug-22,143.02758,134.73114,116.91047,99.55403
22-Aug-22,149.38876,140.26797,121.26007,102.79556
23-Aug-22,154.44801,144.92848,125.26659,105.80126
24-Aug-22,160.24592,151.06517,130.76243,109.91034
25-Aug-22,154.63887,146.20836,125.71576,104.0661
26-Aug-22,163.20752,153.11663,130.5996,107.44425
29-Aug-22,163.20752,153.11663,130.5996,107.44425
30-Aug-22,170.02598,157.93588,132.76494,108.08845
31-Aug-22,168.56909,157.82599,133.77499,108.69975
01-Sep-22,169.31316,158.58938,134.33252,109.16942
02-Sep-22,163.78122,153.76473,131.86463,107.04005
06-Sep-22,162.15891,153.92214,134.35337,108.9493
07-Sep-22,160.50505,154.09647,137.27909,111.50543
08-Sep-22,151.94475,146.52146,130.78216,106.33089
09-Sep-22,153.66044,148.92898,133.32058,109.43706
12-Sep-22,148.58186,146.14705,132.81264,110.47756
13-Sep-22,151.22045,149.74388,138.0541,116.47029
14-Sep-22,153.28059,151.94888,140.05323,119.18829
15-Sep-22,149.59262,149.07294,138.19248,118.14859
16-Sep-22,150.91978,148.29891,136.45773,116.14021
19-Sep-22,150.91978,148.29891,136.45773,116.14021
20-Sep-22,156.55961,153.09624,140.19824,119.52074
21-Sep-22,154.87307,151.02232,138.78287,118.2516
22-Sep-22,158.29562,152.79373,139.04065,119.3404
23-Sep-22,161.8699,155.27451,140.76025,121.2967
26-Sep-22,180.84091,171.75174,153.85427,132.83817
27-Sep-22,174.99341,170.86849,154.01382,135.11932
28-Sep-22,177.58065,180.24834,166.3965,150.39595
29-Sep-22,169.30011,178.14786,167.32038,152.07276
30-Sep-22,160.1722,167.99542,159.98252,147.49637
03-Oct-22,159.15787,164.91641,156.39304,144.17469
04-Oct-22,159.78259,160.17139,150.46998,139.38305
05-Oct-22,158.99314,155.61265,146.30802,135.79534
06-Oct-22,163.46073,158.2942,149.15565,139.00633
07-Oct-22,165.3553,160.44453,151.47882,140.83742
11-Oct-22,169.75251,166.33083,157.51532,146.5839
12-Oct-22,169.22115,165.98147,157.84521,146.79558
13-Oct-22,166.46332,164.71232,157.58681,146.22121
14-Oct-22,161.55595,161.71439,156.78935,144.7869
17-Oct-22,159.67343,160.42425,155.78393,143.71002
18-Oct-22,156.81949,157.93454,153.86008,140.79913
19-Oct-22,155.42776,157.82914,154.21994,139.45243
20-Oct-22,155.24947,158.11092,154.87547,139.93633
21-Oct-22,153.75356,159.25704,156.70658,141.42687
24-Oct-22,151.14489,157.34049,156.07179,140.96765
25-Oct-22,148.96795,156.77823,156.50781,142.0417
26-Oct-22,146.43019,154.05938,153.52891,139.74497
27-Oct-22,137.26824,146.11291,147.34904,134.15738
28-Oct-22,142.12427,149.63582,150.60953,137.15856
31-Oct-22,140.22028,146.95711,148.46307,135.66046
01-Nov-22,139.90108,145.5756,146.67307,133.73085
02-Nov-22,140.55689,144.2159,144.67258,131.75714
03-Nov-22,139.50125,142.43545,142.45362,129.44281
04-Nov-22,138.45166,141.22871,140.29944,127.50386
07-Nov-22,133.14719,135.03733,133.80094,121.3998
08-Nov-22,134.65417,136.29391,134.74308,122.24391
09-Nov-22,131.42502,133.02809,131.03981,118.91287
10-Nov-22,127.29255,128.77247,127.18247,115.32219
14-Nov-22,127.78938,129.43887,127.93724,115.79591
15-Nov-22,127.33564,129.25292,128.13766,115.88076
16-Nov-22,127.5677,129.96354,128.72076,116.46572
17-Nov-22,128.27143,130.48261,129.02918,116.6797
18-Nov-22,128.79426,130.72136,129.06026,116.64213
21-Nov-22,127.94119,129.66582,128.01535,115.37077
22-Nov-22,128.04678,129.66717,127.77612,114.95824
23-Nov-22,128.32949,130.26208,127.70462,114.71345
25-Nov-22,129.19641,131.8005,129.32963,116.02531
28-Nov-22,130.10941,132.43882,130.13388,116.77915
29-Nov-22,129.35658,131.72464,129.29606,115.83499
30-Nov-22,127.89511,130.21279,126.77474,113.2368
01-Dec-22,124.84911,127.46096,124.93087,111.58453
02-Dec-22,123.544,126.37612,123.96,110.7113
05-Dec-22,123.43071,126.71181,124.17471,110.86765
06-Dec-22,123.59763,126.82379,124.30503,110.95456
07-Dec-22,123.62129,126.13395,123.60876,110.36306
08-Dec-22,121.22148,123.51128,121.28776,108.51981
09-Dec-22,121.08868,122.59144,120.2768,107.66499
12-Dec-22,121.9201,123.65839,120.87793,108.27114
13-Dec-22,118.47886,119.54187,115.92702,104.77089
14-Dec-22,118.56961,120.48373,116.90717,106.01149
15-Dec-22,119.58538,121.32341,115.4445,106.56014
16-Dec-22,126.97103,127.43403,119.2011,109.89312
19-Dec-22,126.25923,126.59868,119.42066,109.51953
20-Dec-22,125.94398,126.46577,120.13014,110.17853
21-Dec-22,123.82846,125.65774,121.03959,111.08944
22-Dec-22,122.84768,124.92975,121.09675,111.10052
23-Dec-22,123.36304,125.44629,121.57868,111.52396
27-Dec-22,123.36304,125.44629,121.57868,111.52396
28-Dec-22,123.20688,126.37482,122.52124,114.36737
29-Dec-22,122.14765,125.82156,122.15609,114.16093
30-Dec-22,120.37077,124.07972,120.48946,112.19418
03-Jan-23,118.71547,123.50475,120.81854,112.90647
04-Jan-23,117.17951,121.72195,119.86404,111.90978
05-Jan-23,117.34808,121.5313,120.40153,112.42025
06-Jan-23,106.17756,112.92813,113.63931,106.17303
09-Jan-23,105.06916,111.69582,111.77169,104.60714
10-Jan-23,102.20221,107.95144,107.92321,100.88785
